Date,Positive,Negative,Neutral,Compound,Closing_price
11/18/2013,0,0,1,0,693.65
11/19/2013,0.199,0,0.801,0.38155,531.54249
11/25/2013,0,0,1,0,789.36475
11/26/2013,0,0.047,0.953,-0.1462,893.1815
11/27/2013,0.094,0.086,0.82,0.0531,934.355
11/28/2013,0,0.0515,0.9485,-0.1462,1068.363
11/29/2013,0.262,0.058,0.68,0.6369,1154.92593
12/2/2013,0,0,1,0,1028.845
12/3/2013,0.098,0.071,0.831,0.2263,1071.2848
12/4/2013,0.098,0,0.902,0.3612,1139.33083
12/6/2013,0.239,0,0.761,0.5719,759.43041
12/9/2013,0.232,0,0.768,0.4158,916.77599
12/15/2013,0.144,0,0.856,0.2912,868.95316
12/16/2013,0.093,0.065,0.841,0.1531,653.80483
12/18/2013,0.092,0.407,0.501,-0.8006,553.69166
12/21/2013,0,0,1,0,595.95883
12/22/2013,0.1025,0.0935,0.804,0.0318,647.68316
12/23/2013,0.122,0,0.878,0.3612,671.58116
12/26/2013,0,0,1,0,758.01016
12/27/2013,0.1095,0,0.8905,0.31845,734.01166
12/28/2013,0,0.468,0.532,-0.6597,717.92623
12/29/2013,0.189,0,0.811,0.6369,752.82022
12/30/2013,0.245,0,0.755,0.3818,744.17249
12/31/2013,0.329,0,0.671,0.6597,768.40783
1/2/2014,0,0.227,0.773,-0.6249,804.02719
1/3/2014,0.091,0,0.909,0.296,813.31748
1/5/2014,0.126,0,0.874,0.3818,970.65083
1/7/2014,0.152,0,0.848,0.3612,855.75933
1/9/2014,0.299,0,0.701,0.6649,847.5325
1/10/2014,0.2695,0.028,0.7025,0.6461,892.26115
1/23/2014,0.04,0,0.96,0.0386,838.14997
1/24/2014,0.464,0,0.536,0.3818,834.57416
1/26/2014,0.246,0.094,0.66,0.6208,887.08337
1/27/2014,0,0,1,0,830.53133
1/28/2014,0,0,1,0,832.89496
1/29/2014,0.415,0.179,0.407,0.4404,832.87399
2/1/2014,0,0,1,0,854.7225
2/7/2014,0.18025,0.275,0.545,-0.09565,692.66914
2/8/2014,0.286,0,0.714,0.6369,668.86463
2/9/2014,0,0.289,0.711,-0.7845,700.44843
2/12/2014,0,0,1,0,645.615
2/16/2014,0.174666667,0.108666667,0.716666667,0.121933333,611.04499
2/19/2014,0.142,0.121,0.737,0.1027,619.8425
2/20/2014,0.038,0.2745,0.6875,-0.73275,545.7625
2/23/2014,0.116,0,0.884,0.1779,572.7675
2/25/2014,0.121,0.0774,0.8018,0.0656,550.6025
2/26/2014,0.0515,0.144,0.8045,-0.214825,573.1025
2/27/2014,0.17,0.302,0.528,-0.4151,567.2925
2/28/2014,0.05875,0.17825,0.763,-0.20595,551.73
3/1/2014,0.135,0,0.865,0.3612,560.195
3/3/2014,0.1295,0.1075,0.763,0.006,666.1475
3/4/2014,0.0805,0.1075,0.812,-0.13185,660.84
3/5/2014,0,0.142,0.858,-0.3173,662.0225
3/6/2014,0.08425,0.16325,0.7525,-0.129975,651.285
3/7/2014,0.118,0.0944,0.7876,0.06578,612.33
3/8/2014,0,0.406,0.594,-0.8481,611.1625
3/9/2014,0.175,0,0.825,0.35595,637.615
3/12/2014,0,0.061,0.939,-0.128,631.755
3/13/2014,0,0,1,0,636.41414
3/14/2014,0.0725,0.147,0.7805,-0.007,628.18751
3/17/2014,0,0.099,0.901,-0.296,617.24333
3/20/2014,0.103,0,0.897,0.3182,581.33333
3/21/2014,0.121,0.088,0.791,0.1779,570.36168
3/23/2014,0,0,1,0,557.16833
3/24/2014,0,0,1,0,573.34998
3/25/2014,0,0,1,0,572.49161
3/26/2014,0,0,1,0,570.54833
3/27/2014,0,0,1,0,509.70665
3/31/2014,0.0665,0,0.9335,0.1591,464.88
4/2/2014,0.1585,0,0.8415,0.33525,427.87498
4/3/2014,0,0,1,0,432.99716
4/4/2014,0,0,1,0,453.87148
4/6/2014,0,0,1,0,456.46948
4/8/2014,0.17,0.205,0.625,0.0516,450.48083
4/10/2014,0.163,0,0.837,0.2202,374.59166
4/22/2014,0,0,1,0,487.84
4/23/2014,0.2715,0,0.7285,0.5329,487.11333
4/27/2014,0.2115,0,0.7885,0.4841,426.78166
4/29/2014,0,0,1,0,444.85668
5/2/2014,0.1685,0,0.8315,0.36345,441.97833
5/10/2014,0.25,0.137,0.613,0.34,449.74166
5/16/2014,0.192,0,0.808,0.765,445.60666
6/5/2014,0,0,1,0,652.52666
6/10/2014,0,0,1,0,642.00666
6/15/2014,0,0,1,0,589.06666
6/16/2014,0.128,0,0.872,0.4215,592.25666
6/17/2014,0,0,1,0,610.41333
6/22/2014,0,0.119,0.881,-0.3182,592.405
6/23/2014,0.293,0,0.707,0.6597,584.64166
6/25/2014,0,0,1,0,571.76666
6/27/2014,0.141,0,0.859,0.4215,597.66833
7/1/2014,0.37,0,0.63,0.8739,637.85625
7/7/2014,0.174,0,0.826,0.2263,621.24249
7/9/2014,0,0.29,0.71,-0.5423,621.3075
7/12/2014,0.103,0,0.897,0.2992,627.69
7/15/2014,0.293,0,0.707,0.4404,619.8075
7/18/2014,0.17775,0.04825,0.774,0.3697,623.99625
7/19/2014,0.302,0,0.698,0.7574,623.00625
7/30/2014,0,0,1,0,564.57
7/31/2014,0,0,1,0,583.39
8/3/2014,0,0,1,0,585.80125
8/6/2014,0.099,0,0.901,0.0258,583.62375
8/9/2014,0,0,1,0,586.05875
8/19/2014,0,0.231,0.769,-0.5574,472.91
8/31/2014,0,0.113,0.887,-0.4939,474.5425
9/8/2014,0.269,0,0.731,0.7402,468.5775
9/9/2014,0,0.388,0.612,-0.871,474.29125
9/13/2014,0.077,0.133,0.79,-0.2312,475.37875
9/16/2014,0.13,0,0.87,0.4019,464.55375
9/22/2014,0.0275,0,0.9725,0.0129,399.5025
9/23/2014,0.239,0,0.761,0.7425,427.8125
9/26/2014,0,0,1,0,403.4975
9/28/2014,0.11,0,0.89,0.4939,377.97875
10/1/2014,0,0,1,0,381.7475
10/5/2014,0,0.125,0.875,-0.6486,308.07875
10/6/2014,0,0.051,0.949,-0.1027,337.23375
10/16/2014,0.319,0,0.681,0.7579,376.26875
10/28/2014,0.162,0,0.838,0.4404,348.9025
10/29/2014,0,0,1,0,335.53625
11/1/2014,0.301,0,0.699,0.5106,325.22633
11/6/2014,0,0.304,0.696,-0.5859,346.775
11/13/2014,0,0,1,0,389.00333
11/16/2014,0,0.198,0.802,-0.8455,400.47166
11/18/2014,0.142,0.082,0.775,0.34,375.83333
11/23/2014,0.219,0.149,0.632,0.3472,367.83
11/29/2014,0.091,0.216,0.693,-0.4404,376.851
12/1/2014,0.174,0,0.826,0.2263,377.862
12/2/2014,0.0645,0.077,0.8585,-0.08895,382.452
12/4/2014,0.124,0,0.876,0.34,368.3618
12/7/2014,0.212,0.082,0.706,0.4939,373.155
12/11/2014,0.138,0.06475,0.79725,0.2259,348.272
12/16/2014,0.522,0,0.478,0.872,330.536
12/17/2014,0,0,1,0,317.405
12/21/2014,0,0,1,0,320.03499
12/22/2014,0.211,0,0.789,0.4466,328.701
12/27/2014,0,0.1135,0.8865,-0.31245,316.009
12/28/2014,0.0725,0.086,0.8415,-0.07175,315.64
12/29/2014,0.086,0.298,0.616,-0.7351,313.994
12/30/2014,0,0,1,0,309.903
1/4/2015,0,0,1,0,270.813
1/5/2015,0,0,1,0,272.0175
1/9/2015,0,0,1,0,286.688
1/13/2015,0.204,0,0.796,0.6289,219.128
1/14/2015,0.122,0,0.878,0.2023,193.3511
1/20/2015,0.368,0,0.632,0.836,212.28249
1/24/2015,0.124,0,0.876,0.4019,251.606
1/25/2015,0.189,0,0.811,0.4178,283.59769
1/26/2015,0,0,1,0,258.5374
1/27/2015,0.22,0.148,0.633,0.013,257.447
2/1/2015,0.141,0.115,0.744,0.10655,229.80441
2/6/2015,0.194,0,0.806,0.5574,225.46666
2/10/2015,0.13,0,0.87,0.5106,223.00366
2/19/2015,0.172,0,0.828,0.4019,241.07183
2/20/2015,0.293,0,0.707,0.6597,245.70566
2/27/2015,0.351,0,0.649,0.4019,251.03416
2/28/2015,0,0,1,0,251.9314
3/14/2015,0.2355,0,0.7645,0.5736,283.0809
3/19/2015,0.0915,0.053,0.8555,0.06135,263.4741
3/22/2015,0.134,0,0.866,0.1779,267.5549
3/29/2015,0,0,1,0,245.1133
3/30/2015,0.102666667,0.105333333,0.792,-0.113033333,247.2639
4/2/2015,0,0,1,0,252.0578
4/13/2015,0.1705,0,0.8295,0.5398,222.6009
4/14/2015,0.162,0,0.838,0.4019,220.9126
4/21/2015,0,0,1,0,235.50369
4/24/2015,0.414,0,0.586,0.802,228.92379
4/30/2015,0,0,1,0,236.6827
5/3/2015,0,0,1,0,240.3646
5/10/2015,0.153,0.133,0.714,0.1027,239.4036
5/11/2015,0.129,0.105,0.766,0.128,240.00079
5/19/2015,0,0.154666667,0.845333333,-0.384533333,232.7193
5/24/2015,0,0,1,0,240.9415
5/27/2015,0,0,1,0,237.6708
5/28/2015,0,0,1,0,237.2277
5/29/2015,0,0.255,0.745,-0.6682,236.1404
6/4/2015,0.129,0.226,0.645,-0.2732,223.9665
6/15/2015,0.202,0,0.798,0.4158,237.39899
6/16/2015,0.178,0,0.822,0.3818,248.7435
6/20/2015,0,0.265,0.735,-0.6597,244.15625
7/2/2015,0.077,0.06,0.863,0.10115,255.52675
7/13/2015,0,0,1,0,290.93137
7/19/2015,0.094,0.094,0.812,0,274.28387
7/20/2015,0.097,0.082,0.821,0.0772,279.45925
7/28/2015,0,0,1,0,292.99425
8/1/2015,0.073,0.161,0.766,-0.4934,278.68258
8/4/2015,0,0.211,0.789,-0.4939,284.24366
8/16/2015,0.121,0,0.879,0.0258,258.0065
8/20/2015,0.196,0,0.804,0.4877,234.56375
8/24/2015,0.311,0,0.689,0.6283,203.18133
9/1/2015,0,0,1,0,226.28841
9/3/2015,0,0.156,0.844,-0.34,227.14741
9/8/2015,0,0.227,0.773,-0.6249,244.31383
9/22/2015,0,0,1,0,231.30983
10/16/2015,0.276,0.164,0.56,0.4588,267.53983
10/26/2015,0.167,0,0.833,0.3818,287.83091
10/31/2015,0.073,0.097,0.83,-0.1283,311.70274
11/2/2015,0,0,1,0,369.51133
11/3/2015,0.2325,0,0.7675,0.5318,432.46133
11/8/2015,0.267,0,0.733,0.7351,370.652
11/15/2015,0.139,0,0.861,0.2716,320.06
11/17/2015,0.215,0,0.785,0.6249,333.33299
11/18/2015,0.054,0.283,0.663,-0.8519,334.02499
11/20/2015,0.0445,0.1805,0.775,-0.47065,321.482
11/21/2015,0.184,0,0.816,0.5574,326.365
12/8/2015,0.1235,0,0.8765,0.2787,421.424
12/16/2015,0.035,0.0995,0.8655,-0.21685,451.102
12/17/2015,0.254,0,0.746,0.6259,456.425
12/27/2015,0,0,1,0,427.817
1/2/2016,0.18,0,0.82,0.0516,431.985
1/3/2016,0.263,0,0.737,0.5637,431.691
1/14/2016,0,0.115,0.885,-0.5106,416.29
1/15/2016,0.2945,0.118,0.5875,0.43115,372.737
1/19/2016,0,0.306,0.694,-0.6597,378.775
1/20/2016,0.355,0,0.645,0.0258,417.439
1/22/2016,0.071,0.191,0.738,-0.5559,388.219
1/23/2016,0.333,0,0.667,0.7184,388.538
1/29/2016,0.286,0,0.714,0.44655,376.952
2/3/2016,0.078,0,0.922,0.1779,370.433
2/9/2016,0.358,0,0.642,0.7717,374.764
2/10/2016,0.446,0,0.554,0.9442,379.186
2/13/2016,0.281,0,0.719,0.8402,397.23
2/14/2016,0,0,1,0,405.621
2/16/2016,0.135,0.399,0.466,-0.8077,407.017
2/18/2016,0.14,0.158,0.702,0.1779,421.956
2/21/2016,0,0,1,0,436.14
2/22/2016,0,0,1,0,438.745
2/28/2016,0.139,0,0.861,0.4404,438.28
3/1/2016,0.283,0,0.717,0.6908,434.001
3/12/2016,0.249,0,0.751,0.6486,411.637
3/13/2016,0.33,0,0.67,0.7506,414.208
3/23/2016,0.104,0.077,0.82,0.128,415.837
3/27/2016,0.16,0,0.84,0.2732,424.297
3/28/2016,0,0.096,0.904,-0.1779,423.597
4/2/2016,0.0675,0,0.9325,0.1806,418.93999
4/3/2016,0,0.186,0.814,-0.5965,418.593
4/4/2016,0.087,0,0.913,0.296,422.044
4/7/2016,0.135,0,0.865,0.3612,421.616
4/21/2016,0,0,1,0,446.776
4/23/2016,0,0,1,0,455.152
4/29/2016,0,0,1,0,454.375
5/2/2016,0.067818182,0.124545455,0.807636364,-0.043609091,443.681
5/3/2016,0.2605,0.1965,0.5435,0.0998,449.157
5/8/2016,0.171,0,0.829,0.4767,458.708
5/9/2016,0,0,1,0,460.954
5/12/2016,0,0.458,0.542,-0.6408,453.701
5/14/2016,0.4495,0.0945,0.456,0.64075,456.093
5/15/2016,0.127,0.064,0.809,0.3887,457.64099
5/19/2016,0,0.196,0.804,-0.5267,440.231
5/20/2016,0.431,0.089,0.479,0.8934,442.953
5/21/2016,0.273,0,0.727,0.7184,442.892
5/22/2016,0,0,1,0,440.551
5/25/2016,0.141,0.1095,0.7495,0.2835,448.278
5/27/2016,0,0,1,0,489.847
6/7/2016,0,0,1,0,576.226
6/8/2016,0,0,1,0,580.43599
6/12/2016,0,0.231,0.769,-0.34,682.226
6/17/2016,0.15,0.164,0.686,-0.0644,736.386
6/18/2016,0.073,0,0.927,0.0258,747.831
6/19/2016,0,0,1,0,758.903
6/23/2016,0,0,1,0,657.08999
6/24/2016,0.3145,0,0.6855,0.42935,687.168
6/27/2016,0.228,0.151,0.621,0.4084,655.94399
6/28/2016,0.231,0,0.769,0.6369,634.357
7/5/2016,0.161,0,0.839,0.4364,676.872
7/7/2016,0.337,0,0.663,0.6808,640.476
7/9/2016,0.1265,0.0995,0.774,0.10115,649.356
7/10/2016,0.275,0,0.725,0.6486,656.747
7/11/2016,0,0.19,0.81,-0.2755,648.136
7/12/2016,0,0,1,0,663.443
7/21/2016,0.306,0,0.694,0.8658,666.747
7/26/2016,0.294,0,0.706,0.3612,650.82899
7/28/2016,0.271,0,0.729,0.6369,655.427
8/2/2016,0,0.1155,0.8845,-0.2997,555.926
8/3/2016,0.069,0.1805,0.7505,-0.16885,578.52374
8/5/2016,0.21575,0.02425,0.76,0.36585,574.87375
8/7/2016,0.737,0,0.263,0.8555,589.66125
8/9/2016,0.116333333,0.104666667,0.779333333,0.0604,585.23875
8/10/2016,0.104,0,0.896,0.2732,594.81625
8/16/2016,0,0,1,0,575.54125
8/17/2016,0.2085,0,0.7915,0.41125,572.37249
8/18/2016,0,0.154,0.846,-0.4767,573.01625
8/29/2016,0,0.167,0.833,-0.1027,571.94125
8/31/2016,0.318,0,0.682,0.7906,572.96
9/6/2016,0.196,0.399,0.405,-0.4588,609.4325
9/8/2016,0.161,0,0.839,0.3612,623.6
9/14/2016,0,0.492,0.508,-0.4404,606.8975
9/15/2016,0.137,0,0.863,0.368,605.52125
9/25/2016,0,0,1,0,598.9075
9/29/2016,0.293,0,0.707,0.4404,604.52125
10/1/2016,0.198,0,0.802,0.6369,613.23749
10/3/2016,0.106,0.216,0.678,-0.3818,609.495
10/5/2016,0,0,1,0,610.57
10/7/2016,0,0,1,0,617.445
10/8/2016,0.502,0,0.498,0.8779,614.59625
10/13/2016,0,0.231,0.769,-0.34,635.88375
10/14/2016,0.326,0,0.674,0.4404,638.975
10/15/2016,0,0,1,0,638.605
10/19/2016,0,0,1,0,626.36875
10/21/2016,0.1155,0,0.8845,0.3715,630.61875
10/24/2016,0,0,1,0,652.235
10/27/2016,0.088333333,0.163666667,0.748,-0.273333333,684.2975
10/29/2016,0.294,0,0.706,0.3612,704.91
10/31/2016,0,0,1,0,708.955
11/1/2016,0.144,0,0.856,0.4019,725.6925
11/4/2016,0,0,1,0,702.175
11/8/2016,0.206,0,0.794,0.5267,728.36125
11/9/2016,0,0,1,0,719.2525
11/11/2016,0,0,1,0,715.7725
11/13/2016,0,0.167,0.833,-0.5574,704.62125
11/14/2016,0.116,0.151,0.734,-0.2263,711.39625
11/17/2016,0.248666667,0.042666667,0.708666667,0.4238,738.665
11/18/2016,0.083,0,0.917,0.27815,748.8075
11/20/2016,0,0,1,0,730.365
11/22/2016,0.121,0.074,0.806,0.3252,745.97875
11/24/2016,0,0,1,0,730.3125
11/25/2016,0.481,0,0.519,0.8126,737.4025
11/26/2016,0,0.231,0.769,-0.4408,727.445
11/28/2016,0.113,0.2575,0.63,-0.1348,731.12625
11/30/2016,0,0,1,0,744.1025
12/3/2016,0,0,1,0,764.3575
12/4/2016,0.115,0,0.885,0.296,760.1
12/6/2016,0.128,0,0.872,0.0516,758.35375
12/7/2016,0,0,1,0,763.23625
12/8/2016,0.09325,0.116,0.791,-0.06685,766.8725
12/9/2016,0,0,1,0,773.2825
12/14/2016,0,0.202,0.798,-0.6486,776.9825
12/16/2016,0.098,0.16,0.742,-0.3818,786.9725
12/17/2016,0,0,1,0,789.24625
12/18/2016,0,0,1,0,791
12/19/2016,0,0,1,0,789.2325
12/20/2016,0.2355,0,0.7645,0.31095,805.79625
12/21/2016,0.203,0.059,0.7385,0.49075,842.63875
12/22/2016,0.227333333,0,0.772666667,0.470666667,910.9325
12/23/2016,0.14875,0,0.85125,0.2197,910.2475
12/24/2016,0.231,0,0.769,0.5859,870.13125
12/26/2016,0.2366,0,0.7634,0.53086,900.36625
12/27/2016,0.057,0,0.943,0.10115,948.89875
12/28/2016,0.07,0,0.93,0.25635,971.645
12/29/2016,0.150333333,0.049,0.800666667,0.307066667,954.84375
12/30/2016,0.199666667,0,0.800333333,0.5197,952.455
12/31/2016,0.194,0.0885,0.7175,0.13465,964.325
1/1/2017,0.199142857,0,0.800857143,0.3575,1009.97375
1/2/2017,0.08325,0,0.91675,0.246525,1028.33375
1/3/2017,0.276,0,0.724,0.69225,1047.09999
1/4/2017,0.109090909,0.080636364,0.810272727,0.059581818,1140.385
1/5/2017,0,0,1,0,985.93875
1/6/2017,0.180666667,0.138333333,0.681,0.110166667,837.83625
1/7/2017,0,0,1,0,923.52375
1/9/2017,0.11,0,0.89,0.1366,905.22625
1/11/2017,0.17325,0.04825,0.77825,0.374525,772.66125
1/14/2017,0.28175,0.01025,0.708,0.558675,821.19625
1/15/2017,0,0,1,0,830.74
1/16/2017,0,0,1,0,848.58125
1/17/2017,0.174,0.12,0.707,0,890.29375
1/18/2017,0.126,0,0.874,0.32985,888.0625
1/22/2017,0,0,1,0,920.365
1/24/2017,0,0,1,0,898.55
1/29/2017,0,0,1,0,916.91125
1/31/2017,0,0,1,0,973.065
2/1/2017,0.219333333,0.039666667,0.741,0.361133333,982.8275
2/2/2017,0.030333333,0,0.969666667,0.0172,1020.09
2/3/2017,0.182,0,0.818,0.4404,1011.215
2/7/2017,0,0,1,0,1067.70875
2/8/2017,0.03,0,0.97,0.0625,1072.205
2/11/2017,0.172,0,0.828,0.3612,1004.71375
2/14/2017,0,0.19,0.81,-0.6908,1003.59
2/16/2017,0.469,0,0.531,0.6486,1038.86625
2/18/2017,0.316,0,0.684,0.8126,1052.84375
2/19/2017,0,0,1,0,1046.66249
2/20/2017,0,0.069,0.931,-0.1027,1079.5825
2/22/2017,0.174,0,0.826,0.2732,1122.515
2/23/2017,0.09475,0.063,0.84225,0.121125,1193.501
2/24/2017,0.088,0,0.912,0.28595,1182.429
2/25/2017,0.09,0.10525,0.80475,-0.00805,1139.848
2/26/2017,0.185,0,0.815,0.5267,1189.366
2/27/2017,0.0445,0.175,0.7805,-0.3404,1189.94699
2/28/2017,0.10475,0.1145,0.781,0.02965,1193.611
3/1/2017,0,0,1,0,1221.05
3/2/2017,0.0905,0.074333333,0.835166667,0.007266667,1269.776
3/3/2017,0.2235,0,0.7765,0.47485,1285.376
3/4/2017,0.255,0,0.745,0.5859,1260.668
3/5/2017,0,0,1,0,1273.24699
3/6/2017,0,0,1,0,1280.30499
3/7/2017,0.17,0,0.83,0.6249,1206.357
3/8/2017,0.096,0.077,0.827,0.1812,1153.06
3/9/2017,0,0.098,0.902,-0.1715,1200.557
3/10/2017,0.11575,0.102,0.78225,0.063741667,1147.625
3/11/2017,0.03825,0.05575,0.906,-0.05205,1186.351
3/12/2017,0.121,0.227,0.6515,-0.0897,1235.553
3/13/2017,0.040666667,0,0.959333333,0.1204,1242.806
3/14/2017,0.049,0.0655,0.8855,-0.02055,1245.892
3/15/2017,0,0.397,0.603,-0.8481,1247.67099
3/16/2017,0,0,1,0,1126.08199
3/17/2017,0.136,0.182,0.682,0.0005,1062.07
3/18/2017,0.238666667,0.169,0.592,0.2656,1000.24599
3/19/2017,0.0685,0.2475,0.684,-0.5103,1036.226
3/20/2017,0.088333333,0.043,0.869,0.041266667,1065.481
3/21/2017,0.156,0.0745,0.7695,0.1672,1091.333
3/22/2017,0,0,1,0,1036.099
3/24/2017,0.109666667,0.106333333,0.784,-0.010766667,921.808
3/25/2017,0.19375,0.25875,0.54775,-0.214475,962.508
3/26/2017,0.12325,0,0.87675,0.2939,968.293
3/27/2017,0.187,0.092666667,0.72,0.147966667,1035.32199
3/28/2017,0,0.223,0.777,-0.6486,1011.969
3/29/2017,0.075,0.094,0.83,-0.128,1041.374
3/31/2017,0.062,0,0.938,0.17,1077.557
4/1/2017,0,0,1,0,1082.37
4/3/2017,0.223333333,0.041,0.735666667,0.371033333,1148.092
4/4/2017,0.1835,0,0.8165,0.35015,1139.86
4/5/2017,0,0.040666667,0.959333333,-0.164633333,1150.685
4/6/2017,0.1685,0.033,0.798,0.35505,1177.284
4/7/2017,0,0,1,0,1196.896
4/8/2017,0.167625,0.055625,0.776875,0.208325,1187.03299
4/9/2017,0.210666667,0,0.789333333,0.541233333,1213.801
4/10/2017,0,0.29,0.71,-0.6486,1206.74
4/11/2017,0.103,0,0.897,0.3291,1226.896
4/12/2017,0.168,0.137,0.695,0.14845,1216.269
4/14/2017,0.074,0,0.926,0.2553,1186.10899
4/16/2017,0.102666667,0.240333333,0.657,-0.469333333,1184.2
4/17/2017,0.143,0,0.857,0.3612,1211.73799
4/18/2017,0.195,0,0.805,0.4404,1218.666
4/19/2017,0.1114,0,0.8886,0.19956,1227.981
4/20/2017,0.13525,0,0.86475,0.4128,1261.702
4/21/2017,0.0895,0.061,0.8495,0.099633333,1255.25125
4/23/2017,0.1405,0.113,0.7465,0.1909,1243.43
4/24/2017,0.133,0,0.867,0.3706,1251.5775
4/25/2017,0.053666667,0.080333333,0.866,-0.209833333,1269.69625
4/26/2017,0.0635,0.111666667,0.825166667,-0.189966667,1289.7475
4/27/2017,0.0516,0.0324,0.916,0.07958,1335.825
4/28/2017,0.0995,0.043,0.8575,0.172175,1319.7
4/29/2017,0.12875,0.06975,0.8015,0.1632,1311.58874
4/30/2017,0.18325,0,0.81675,0.4298,1370.79
5/1/2017,0.1215,0.0607,0.8177,0.18906,1416.61
5/2/2017,0.128875,0.052125,0.819,0.1921,1448.88625
5/3/2017,0.1905,0,0.8095,0.534,1506.7725
5/4/2017,0.198,0,0.802,0.39515,1543.31
5/5/2017,0.103,0.232,0.664,-0.5423,1536.1525
5/6/2017,0.0715,0,0.9285,0.1796,1554.6025
5/7/2017,0.198,0.091,0.7115,0.3839,1564.065
5/8/2017,0.096,0.061666667,0.842,0.139066667,1644.72875
5/9/2017,0.139,0.04725,0.81375,0.0987,1695.83125
5/10/2017,0,0,1,0,1748.35375
5/11/2017,0.036888889,0.067888889,0.895222222,-0.087911111,1774.52
5/12/2017,0.091916667,0.187,0.721166667,-0.202208333,1634.6075
5/13/2017,0.076,0.075,0.849,-0.004033333,1774.805
5/14/2017,0.1745,0,0.8255,0.449725,1747.04375
5/15/2017,0.07725,0.03625,0.8865,0.056575,1665.0325
5/16/2017,0.106,0,0.894,0.31245,1744.44125
5/17/2017,0.271833333,0.109166667,0.619166667,0.483883333,1796.89625
5/18/2017,0.1022,0.1136,0.7842,0.14726,1913.13875
5/19/2017,0.0566,0.021,0.9224,0.07854,1983.97875
5/20/2017,0.095,0.099285714,0.805714286,-0.0363,2074.69625
5/21/2017,0.103571429,0.054142857,0.842285714,0.091428571,2114.98875
5/22/2017,0.1073125,0.0246875,0.868,0.165725,2196.66874
5/23/2017,0.148230769,0.032384615,0.819384615,0.248353846,2348.55249
5/24/2017,0.181142857,0.042857143,0.776,0.290071429,2581.85375
5/25/2017,0.149615385,0.030307692,0.820153846,0.184269231,2460.95375
5/26/2017,0.03525,0.10925,0.8555,-0.0686,2232.2875
5/27/2017,0.083,0,0.917,0.2229,2234.83374
5/28/2017,0.041777778,0.084666667,0.873444444,-0.089266667,2195.785
5/29/2017,0.031375,0.071,0.897625,-0.088575,2315.73625
5/30/2017,0.234333333,0.114833333,0.651,0.323333333,2170.98124
5/31/2017,0.051888889,0.015333333,0.932777778,0.085477778,2402.125
6/1/2017,0.035,0.1325,0.8325,-0.1607,2477.1725
6/2/2017,0.077,0.05525,0.86775,0.074225,2475.2975
6/3/2017,0.2118,0.018,0.7702,0.48172,2526.31125
6/4/2017,0.032,0.063,0.905,-0.056071429,2605.125
6/5/2017,0.080333333,0.013,0.906666667,0.090383333,2855.03
6/6/2017,0.107941176,0.025823529,0.866235294,0.224076471,2900.8525
6/7/2017,0.10175,0.1025,0.795875,0.0476,2737.9025
6/8/2017,0.055444444,0.066777778,0.877777778,-0.039444444,2826.03875
6/9/2017,0.1344,0.1068,0.759,0.12566,2846.00625
6/10/2017,0.01875,0,0.98125,0.03515,2910.33625
6/11/2017,0.109166667,0.0445,0.846333333,0.157783333,3007.0125
6/12/2017,0.110142857,0.052428571,0.837428571,0.101171429,2697.0775
6/13/2017,0.1765,0.107166667,0.716333333,-0.025383333,2780.1825
6/14/2017,0.043285714,0.051285714,0.905571429,-0.032214286,2518.54875
6/15/2017,0.147133333,0.1062,0.746666667,0.115306667,2438.61749
6/16/2017,0.047333333,0.248666667,0.704,-0.518933333,2520.78375
6/17/2017,0.059285714,0.014142857,0.926571429,0.153057143,2680.1025
6/18/2017,0.033,0.073666667,0.893333333,-0.12615,2611.67999
6/19/2017,0.125285714,0.079142857,0.795428571,0.125042857,2667.5475
6/20/2017,0.080142857,0.039357143,0.880571429,0.060635714,2805.0975
6/21/2017,0.076285714,0.086428571,0.837285714,-0.003985714,2702.00375
6/22/2017,0.1278,0.0612,0.811,0.11632,2763.29125
6/23/2017,0.113222222,0.115,0.771777778,-0.097966667,2740.5925
6/24/2017,0.067875,0.01525,0.916875,0.16005,2598.15875
6/25/2017,0.1,0,0.9,0.3332125,2630.59499
6/26/2017,0.177222222,0.055111111,0.767777778,0.254533333,2513.42999
6/27/2017,0.1399,0.0352,0.8249,0.17819,2556.1675
6/28/2017,0.08275,0.06375,0.8535,0.056675,2591.2675
6/29/2017,0.10325,0.027,0.86975,0.1503,2547.3225
6/30/2017,0.113,0.04,0.847,0.1413,2479.05499
7/1/2017,0.060714286,0.031857143,0.907428571,0.094657143,2424.69875
7/2/2017,0.221,0.05375,0.72525,0.414025,2513.74125
7/3/2017,0.125444444,0.010111111,0.864444444,0.231255556,2640.06125
7/4/2017,0.0924,0.0158,0.8918,0.18156,2588.67875
7/5/2017,0.1395,0.031666667,0.828666667,0.200133333,2634.17375
7/6/2017,0.11425,0.087083333,0.798666667,0.123633333,2598.57
7/7/2017,0.1235,0.059125,0.817375,0.0952625,2514.3625
7/8/2017,0.147666667,0.078666667,0.773666667,0.2364,2586.0425
7/9/2017,0.049428571,0.054857143,0.895714286,-0.017428571,2524.12624
7/10/2017,0.0365,0.07875,0.88475,-0.056775,2352.265
7/11/2017,0.1136,0.0746,0.8118,0.1175,2292.91375
7/12/2017,0.1421,0,0.8579,0.3771,2437.55375
7/13/2017,0.088555556,0.052888889,0.858333333,0.097566667,2337.67875
7/14/2017,0.112375,0.096125,0.7915,0.023525,2109.37375
7/15/2017,0.162285714,0.100571429,0.737142857,0.192857143,2045.5725
7/16/2017,0.087333333,0.090555556,0.822111111,0.022344444,1986.9425
7/17/2017,0.07375,0.069,0.85725,-0.0157,2189.23999
7/18/2017,0.118857143,0.036428571,0.844714286,0.263642857,2354.8925
7/19/2017,0.126333333,0.056,0.817666667,0.178,2349.355
7/20/2017,0.092363636,0.062272727,0.845272727,0.096709091,2740.56875
7/21/2017,0.116642857,0.03,0.853357143,0.29485,2738.775
7/22/2017,0.118090909,0.026454545,0.855545455,0.296345455,2831.67875
7/23/2017,0.087714286,0.033857143,0.878428571,0.166557143,2772.3675
7/24/2017,0.0648,0.0262,0.9089,0.13548,2768.8025
7/25/2017,0.135222222,0.096,0.768888889,0.154722222,2540.20874
7/26/2017,0.073727273,0.087636364,0.838636364,-0.008518182,2570.195
7/27/2017,0.0938125,0.1205,0.7856875,0.02585,2699.72125
7/28/2017,0.121384615,0.046692308,0.831923077,0.193453846,2719.69
7/29/2017,0.146916667,0.038083333,0.815,0.271325,2714.70375
7/30/2017,0.0615,0.0835,0.855,-0.067566667,2718.6175
7/31/2017,0.0900625,0.084,0.825875,0.04558125,2867.65375
8/1/2017,0.118777778,0.113962963,0.767296296,0.016555556,2739.70875
8/2/2017,0.1116,0.0848,0.8036,0.11008,2740.07125
8/3/2017,0.0969375,0.0755625,0.827625,0.0216125,2811.71
8/4/2017,0.09375,0.032125,0.874125,0.1189,3123.41125
8/5/2017,0.100806452,0.041387097,0.857806452,0.08753871,3254.71
8/6/2017,0.1215,0.0252,0.8532,0.26304,3274.6375
8/7/2017,0.134764706,0.040764706,0.824470588,0.187258824,3474.7625
8/8/2017,0.126157895,0.056421053,0.817473684,0.205794737,3416.185
8/9/2017,0.13875,0.05625,0.80505,0.265115,3364.41125
8/10/2017,0.1249,0.0445,0.8306,0.21278,3451.8525
8/11/2017,0.0704,0.045266667,0.884333333,0.06154,3705.43
8/12/2017,0.0996,0.0296,0.870866667,0.2097,4104.015
8/13/2017,0.131592593,0.021851852,0.846518519,0.212366667,4036.7575
8/14/2017,0.073777778,0.057333333,0.869,0.020938889,4462.67625
8/15/2017,0.134607143,0.068928571,0.796428571,0.174057143,4118.9025
8/16/2017,0.123461538,0.029076923,0.847384615,0.235292308,4322.42125
8/17/2017,0.071,0.036571429,0.8925,0.150057143,4311.685
8/18/2017,0.1735,0,0.8265,0.341383333,4180.23875
8/19/2017,0.127266667,0.0614,0.811333333,0.1494,4139.38125
8/20/2017,0.0255,0.0955,0.879,-0.08755,4110.94125
8/21/2017,0.026,0.014,0.96,0.0592,3911.27625
8/22/2017,0.138,0.128125,0.7339375,-0.02640625,4162.79249
8/23/2017,0.079615385,0.056076923,0.864384615,0.097415385,4178.75625
8/24/2017,0.123913043,0.06026087,0.815869565,0.111630435,4396.03125
8/25/2017,0.064846154,0.055307692,0.879846154,0.035353846,4359.9025
8/26/2017,0.102111111,0.051222222,0.846666667,0.129822222,4381.39625
8/27/2017,0.107333333,0.109333333,0.783166667,-0.0109,4340.46
8/28/2017,0.089285714,0.023785714,0.886928571,0.228742857,4442.6575
8/29/2017,0.134714286,0.027142857,0.838214286,0.289342857,4664.64375
8/30/2017,0.105142857,0.007380952,0.88747619,0.225761905,4676.1425
8/31/2017,0.09505,0.0796,0.8253,0.023915,4783.17
9/1/2017,0.170588235,0.021,0.808470588,0.3619,4864.285
9/2/2017,0.1288,0.0713,0.7998,0.09753,4672.56875
9/3/2017,0.074375,0.0095,0.916125,0.14275,4593.1825
9/4/2017,0.074142857,0.057928571,0.867928571,0.023635714,4160.535
9/5/2017,0.101695652,0.106913043,0.791347826,-0.010956522,4517.57
9/6/2017,0.112333333,0.058733333,0.828933333,0.14858,4543.1025
9/7/2017,0.127352941,0.045941176,0.826705882,0.193064706,4628.6025
9/8/2017,0.025076923,0.078846154,0.896076923,-0.124215385,4280.975
9/9/2017,0.1624,0,0.8376,0.3963,4194.21875
9/10/2017,0.114692308,0.046538462,0.838692308,0.144346154,4307.82625
9/11/2017,0.06625,0.1173125,0.816375,-0.0651125,4295.76124
9/12/2017,0.072341463,0.121780488,0.805829268,-0.182531707,3944.58375
9/13/2017,0.065076923,0.0665,0.868461538,-0.045230769,3817.0575
9/14/2017,0.099309524,0.077119048,0.823595238,0.098671429,3358.10875
9/15/2017,0.0945,0.078875,0.82665,0.028725,3772.68375
9/16/2017,0.108321429,0.085,0.80675,0.04815,3608.595
9/17/2017,0.089076923,0.067307692,0.843615385,0.0601,3764.6175
9/18/2017,0.098935484,0.057096774,0.843903226,0.086719355,3976.3875
9/19/2017,0.105307692,0.021846154,0.872846154,0.186184615,3863.18625
9/20/2017,0.080052632,0.056052632,0.863894737,0.058905263,3827.685
9/21/2017,0.060733333,0.149733333,0.789533333,-0.211166667,3690.99125
9/22/2017,0.0811875,0.0906875,0.8281875,-0.08358125,3612.1625
9/23/2017,0.172076923,0.029307692,0.798615385,0.317761538,3772.8475
9/24/2017,0.1232,0.0322,0.8445,0.26815,3753.435
9/25/2017,0.099076923,0.026923077,0.874,0.193023077,3920.99125
9/26/2017,0.058166667,0.146333333,0.7955,-0.224341667,3939.515
9/27/2017,0.110625,0.065958333,0.823375,0.085695833,4220.28
9/28/2017,0.1308,0.072866667,0.796266667,0.128326667,4062.20375
9/29/2017,0.114444444,0.010444444,0.875111111,0.269433333,4207.825
9/30/2017,0.053571429,0.051642857,0.894714286,0.019635714,4300.55125
10/1/2017,0.10525,0.064,0.8308125,0.1643,4414.1775
10/2/2017,0.126263158,0.019894737,0.853789474,0.287173684,4424.4725
10/3/2017,0.1183,0.0749,0.8068,0.07806,4307.555
10/4/2017,0.20625,0.10575,0.688166667,0.200933333,4186.78374
10/5/2017,0.097833333,0.0275,0.874666667,0.217683333,4325.23625
10/6/2017,0.133363636,0.043454545,0.823090909,0.220090909,4370.16875
10/7/2017,0.1246,0.0448,0.830533333,0.236706667,4446.17249
10/8/2017,0.1365,0.025416667,0.838083333,0.221233333,4624.34875
10/9/2017,0.095190476,0.067904762,0.836904762,0.07447619,4789.30125
10/10/2017,0.06695,0.08805,0.845,-0.04725,4741.70875
10/11/2017,0.127235294,0.044705882,0.828,0.171005882,4858.60499
10/12/2017,0.1076,0.051133333,0.841288889,0.142357778,5728.5475
10/13/2017,0.097731707,0.066121951,0.836170732,0.132180488,5666.97875
10/14/2017,0.184526316,0.029736842,0.785684211,0.347105263,5779.07375
10/15/2017,0.130052632,0.110105263,0.759789474,0.070636842,5607.01
10/16/2017,0.1144,0.056066667,0.829533333,0.176673333,5643.55375
10/17/2017,0.08308,0.06612,0.85092,0.024084,5495.03875
10/18/2017,0.092857143,0.053857143,0.853285714,0.069821429,5627.08625
10/19/2017,0.097666667,0.062,0.840333333,0.079458333,5686.52625
10/20/2017,0.115272727,0.027151515,0.857575758,0.165724242,6098.115
10/21/2017,0.1374,0.09424,0.76844,0.063568,5949.07875
10/22/2017,0.104818182,0.058636364,0.836545455,0.107490909,5969.795
10/23/2017,0.070433333,0.106733333,0.8228,-0.05297,5649.005
10/24/2017,0.094035714,0.096357143,0.809642857,0.057317857,5550.85875
10/25/2017,0.094166667,0.072888889,0.832944444,0.0424,5776.87875
10/26/2017,0.17,0.0725,0.7574375,0.2596375,5923.70625
10/27/2017,0.108055556,0.059611111,0.832333333,0.157983333,5737.1025
10/28/2017,0.062571429,0.081357143,0.856071429,-0.071728571,5741.7225
10/29/2017,0.101285714,0.084571429,0.814071429,0.011435714,6151.325
10/30/2017,0.094269231,0.067423077,0.838307692,0.052430769,6130.56375
10/31/2017,0.127512195,0.048097561,0.824365854,0.214836585,6424.515
11/1/2017,0.089692308,0.024307692,0.886038462,0.129865385,6879.365
11/2/2017,0.079560976,0.045341463,0.875097561,0.074741463,7199.2375
11/3/2017,0.0992,0.051033333,0.8498,0.162403333,7210.46875
11/4/2017,0.103964286,0.085,0.811035714,0.005257143,7376.7425
11/5/2017,0.082678571,0.08425,0.833107143,-0.031592857,7231.93
11/6/2017,0.061896552,0.063482759,0.87462069,0.007358621,7123.89375
11/7/2017,0.048652174,0.074217391,0.877173913,-0.065317391,7356.50625
11/8/2017,0.083946429,0.084375,0.831642857,-0.015051786,7342.82375
11/9/2017,0.131758621,0.082137931,0.786034483,0.146968966,7250.77
11/10/2017,0.113608696,0.080086957,0.806304348,0.173721739,6773.695
11/11/2017,0.121291667,0.070708333,0.808,0.179435417,6075.30125
11/12/2017,0.107907407,0.103407407,0.788648148,0.032540741,5969.13
11/13/2017,0.126888889,0.103577778,0.769533333,0.085084444,6666.27125
11/14/2017,0.099538462,0.069307692,0.831076923,0.135361538,6867.42625
11/15/2017,0.087836735,0.04177551,0.870408163,0.13014898,7259.3
11/16/2017,0.08325641,0.056871795,0.859897436,0.093641026,7924.1825
11/17/2017,0.139122449,0.079428571,0.781428571,0.141783673,7598.2775
11/18/2017,0.130136364,0.067,0.802954545,0.181195455,7787.45625
11/19/2017,0.110823529,0.051882353,0.837176471,0.212373529,7954.7675
11/20/2017,0.092181818,0.072522727,0.835363636,0.057327273,7879.06
11/21/2017,0.104394737,0.041868421,0.853684211,0.186415789,8150.6325
11/22/2017,0.115439024,0.079878049,0.804707317,0.168621951,8208.75375
11/23/2017,0.105866667,0.066266667,0.827866667,0.097116667,8094.445
11/24/2017,0.145631579,0.052421053,0.801947368,0.234152632,8190.87125
11/25/2017,0.1099,0.0582,0.831933333,0.114876667,8851.305
11/26/2017,0.085171429,0.028542857,0.8863,0.172228571,9573.9675
11/27/2017,0.10721978,0.059395604,0.833395604,0.140937363,9713.09625
11/28/2017,0.112811594,0.076449275,0.810695652,0.155010145,10295.6225
11/29/2017,0.10440113,0.058920904,0.836661017,0.136254237,10542.6625
11/30/2017,0.102662791,0.076906977,0.82044186,0.065967442,9706.10375
12/1/2017,0.1031875,0.062609375,0.8341875,0.08848125,10923.20125
12/2/2017,0.115146341,0.074853659,0.810073171,0.104460976,10973.54375
12/3/2017,0.114348485,0.051893939,0.83380303,0.146948485,11382.20875
12/4/2017,0.109733333,0.066844444,0.823377778,0.076844444,11597.23125
12/5/2017,0.120676923,0.085307692,0.794,0.133241538,12230.365
12/6/2017,0.101817518,0.061810219,0.836372263,0.109235766,13734.52
12/7/2017,0.102443182,0.064840909,0.832715909,0.105589015,16403.42125
12/8/2017,0.107690789,0.075125,0.817177632,0.092565132,15732.1
12/9/2017,0.118603175,0.065809524,0.815531746,0.136121429,13152.52875
12/10/2017,0.117125,0.067183824,0.815654412,0.135527941,16299.2975
12/11/2017,0.113740385,0.066894231,0.819365385,0.147975,16374.8975
12/12/2017,0.112563107,0.068067961,0.819339806,0.132568932,16678.28749
12/13/2017,0.126813953,0.066244186,0.806976744,0.184967442,16246.13875
12/14/2017,0.131884058,0.081391304,0.786782609,0.134295652,17221.65125
12/15/2017,0.116329787,0.066819149,0.816861702,0.105525532,17436.5975
12/16/2017,0.118257576,0.064590909,0.817166667,0.100928788,19166.97874
12/17/2017,0.108546875,0.0914375,0.799984375,0.066065625,18640.2625
12/18/2017,0.122527027,0.049864865,0.827635135,0.229190541,18984.7675
12/19/2017,0.093433333,0.0629,0.843666667,0.098903333,16862.57125
12/20/2017,0.118438017,0.078818182,0.802719008,0.101455372,16925.0175
12/21/2017,0.093630137,0.088863014,0.817506849,0.022441096,14182.46499
12/22/2017,0.113427083,0.082265625,0.804302083,0.085625,14694.5825
12/23/2017,0.113704082,0.071704082,0.814571429,0.109484694,14103.21875
12/24/2017,0.126875,0.081178571,0.791964286,0.160141071,13387.34875
12/25/2017,0.139592593,0.067462963,0.792981481,0.201866667,14652.3675
12/26/2017,0.125737705,0.063196721,0.810983607,0.2112,15846.07375
12/27/2017,0.10306,0.0703,0.8266,0.113978,14362.40375
12/28/2017,0.105794872,0.085128205,0.809128205,0.089466667,14867.5725
12/29/2017,0.096695652,0.055413043,0.847847826,0.128526087,13643.695
12/30/2017,0.124836735,0.101857143,0.773285714,0.043808163,13062.145
12/31/2017,0.1122,0.05548,0.83228,0.187638,13439.4175
1/1/2018,0.125,0.054026316,0.820973684,0.265331579,13337.62125
1/2/2018,0.104965517,0.049603448,0.845413793,0.160075862,14881.545
1/3/2018,0.145442857,0.0504,0.804157143,0.290617143,15104.45
1/4/2018,0.125813953,0.06,0.814162791,0.186281395,14953.8525
1/5/2018,0.110371429,0.054228571,0.835457143,0.222677143,16576.69625
1/6/2018,0.138809524,0.055285714,0.805928571,0.195583333,16735.10625
1/7/2018,0.082527778,0.063305556,0.854194444,0.062944444,15632.41125
1/8/2018,0.105175,0.05365,0.841225,0.15169,15242.93625
1/9/2018,0.13383871,0.096483871,0.769645161,0.107625806,14122.825
1/10/2018,0.120116883,0.080077922,0.799792208,0.105154545,13269.5975
1/11/2018,0.091378788,0.111818182,0.796757576,-0.02369697,13633.36375
1/12/2018,0.115039216,0.066568627,0.818431373,0.141711765,14165.90625
1/13/2018,0.072783784,0.086756757,0.840459459,-0.024708108,14217.3625
1/14/2018,0.103625,0.067175,0.8292,0.0852875,13519.92625
1/15/2018,0.104622222,0.055466667,0.839955556,0.155837778,12915.11625
1/16/2018,0.114031915,0.060053191,0.825914894,0.131376596,10870.16875
1/17/2018,0.112880282,0.061204225,0.825929577,0.116101408,11340.65
1/18/2018,0.108930556,0.050416667,0.840680556,0.178820833,11137.36875
1/19/2018,0.12303125,0.062453125,0.814515625,0.188576563,11742.94125
1/20/2018,0.117968254,0.069793651,0.812190476,0.163928571,12486.06625
1/21/2018,0.104173913,0.081195652,0.814586957,0.069017391,11508.62
1/22/2018,0.110847458,0.065491525,0.823644068,0.184001695,10872.9025
1/23/2018,0.114338983,0.063084746,0.822559322,0.10909322,10830.9275
1/24/2018,0.134662651,0.066518072,0.798855422,0.199489157,11629.375
1/25/2018,0.111763889,0.045180556,0.843055556,0.211090278,11524.345
1/26/2018,0.1371,0.055275,0.807675,0.2918825,11005.615
1/27/2018,0.093057143,0.074942857,0.832057143,0.054148571,11452.23
1/28/2018,0.102352941,0.059470588,0.838088235,0.124523529,11412.79375
1/29/2018,0.142,0.04869697,0.80930303,0.181466667,10917.15125
1/30/2018,0.086037037,0.067703704,0.846277778,0.034385185,9914.4725
1/31/2018,0.086925926,0.057796296,0.855259259,0.123122222,9970.30875
2/1/2018,0.100011905,0.069654762,0.830321429,0.070382143,8715.59499
2/2/2018,0.112851852,0.088555556,0.798617284,0.074425926,8285.50124
2/3/2018,0.119602941,0.083161765,0.797235294,0.07555,9192.045
2/4/2018,0.09547619,0.075587302,0.828904762,0.096634921,8136.39
2/5/2018,0.108699029,0.078854369,0.812436893,0.064731068,6332.37
2/6/2018,0.111825581,0.07872093,0.809511628,0.128218605,7270.5075
2/7/2018,0.109442308,0.088192308,0.802384615,0.094415385,7987.28125
2/8/2018,0.130461538,0.041282051,0.828230769,0.27555641,8086.7725
2/9/2018,0.147243902,0.074682927,0.77802439,0.219982927,8930.13875
2/10/2018,0.100483871,0.071612903,0.827870968,0.083245161,8045.44
2/11/2018,0.098,0.078517241,0.823413793,0.097403448,8478.92499
2/12/2018,0.108641026,0.066128205,0.82525641,0.129628205,8766.8525
2/13/2018,0.107519231,0.071826923,0.820615385,0.132525,8693.2525
2/14/2018,0.137826087,0.081934783,0.780195652,0.15085,9659.2875
2/15/2018,0.114056604,0.055339623,0.830566038,0.15144717,10110.83875
2/16/2018,0.11575,0.048444444,0.83575,0.234933333,10474.77125
2/17/2018,0.118833333,0.084444444,0.796694444,0.108222222,10855.9375
2/18/2018,0.104166667,0.066366667,0.8295,0.069393333,10537.00625
2/19/2018,0.113128205,0.055615385,0.83125641,0.191023077,11416.03875
2/20/2018,0.162210526,0.070394737,0.767342105,0.292515789,10928.02
2/21/2018,0.057038462,0.057884615,0.885153846,0.078769231,10727.9525
2/22/2018,0.085833333,0.063066667,0.851233333,0.045543333,9809.72125
2/23/2018,0.145882353,0.094735294,0.759411765,0.211394118,10412.36875
2/24/2018,0.130030303,0.084242424,0.785757576,0.156821212,9585.285
2/25/2018,0.116678571,0.052107143,0.83125,0.217392857,9627.71625
2/26/2018,0.110583333,0.027805556,0.861611111,0.215275,10272.9025
2/27/2018,0.108358974,0.051410256,0.84025641,0.195682051,10903.01875
2/28/2018,0.083178571,0.043178571,0.873642857,0.126825,10352.04625
3/1/2018,0.093580645,0.058290323,0.848129032,0.130777419,11100.2925
3/2/2018,0.10302381,0.060309524,0.836595238,0.157721429,11305.1225
3/3/2018,0.126085714,0.0584,0.815457143,0.1562,11171.8175
3/4/2018,0.126208333,0.061666667,0.812125,0.233220833,11558.475
3/5/2018,0.13934375,0.05859375,0.80203125,0.24461875,11246.7475
3/6/2018,0.0945,0.0587,0.84675,0.12222,10735.88625
3/7/2018,0.090477273,0.124136364,0.785431818,-0.056463636,9552.75875
3/8/2018,0.107076923,0.07574359,0.817282051,0.098135897,8980.19249
3/9/2018,0.117555556,0.052644444,0.829777778,0.235213333,9251.2925
3/10/2018,0.104341463,0.075170732,0.820487805,0.081670732,8680.6075
3/11/2018,0.096020408,0.10255102,0.801408163,-0.01255102,9433.47374
3/12/2018,0.085906977,0.067511628,0.846581395,0.030627907,9047.5125
3/13/2018,0.139833333,0.034583333,0.825527778,0.326080556,9260.70875
3/14/2018,0.074906977,0.071348837,0.853767442,0.066344186,7895.98875
3/15/2018,0.1266,0.060963636,0.812472727,0.217483636,8039.6025
3/16/2018,0.117309524,0.075785714,0.806952381,0.126888095,8206.555
3/17/2018,0.12721875,0.0834375,0.7893125,0.1545625,7667.99
3/18/2018,0.10038,0.07976,0.81986,0.021874,8189.49125
3/19/2018,0.109394737,0.063131579,0.827447368,0.166507895,8597.3375
3/20/2018,0.079315789,0.107315789,0.813315789,-0.081194737,9028.2975
3/21/2018,0.112789474,0.031789474,0.855421053,0.230084211,9023.7175
3/22/2018,0.110310345,0.07937931,0.810310345,0.100713793,8411.6525
3/23/2018,0.130558824,0.097323529,0.772147059,0.090964706,8881.98625
3/24/2018,0.120944444,0.092722222,0.786277778,0.168138889,8548.8125
3/25/2018,0.126913043,0.045217391,0.827869565,0.25903913,8429.33124
3/26/2018,0.11876,0.05756,0.82376,0.165776,7854.6375
3/27/2018,0.113833333,0.0615,0.824611111,0.187702778,7863.255
3/28/2018,0.093166667,0.050547619,0.856333333,0.167911905,7866.36
3/29/2018,0.0848,0.068777778,0.846466667,0.075937778,6861.325
3/30/2018,0.1191875,0.06053125,0.82025,0.184475,6970.36375
3/31/2018,0.12628,0.08996,0.78376,0.155472,6926.875
4/1/2018,0.129212121,0.039636364,0.831090909,0.20230303,6986.835
4/2/2018,0.119851852,0.082185185,0.797962963,0.159218519,7182.12
4/3/2018,0.101851064,0.061212766,0.83693617,0.134574468,7295.89
4/4/2018,0.089933333,0.055333333,0.854766667,0.135576667,6769.48375
4/5/2018,0.0835,0.039441176,0.877088235,0.120108824,6766.5925
4/6/2018,0.075944444,0.046944444,0.877,0.145,6854.92125
4/7/2018,0.112875,0.0695625,0.81759375,0.138421875,6964.4325
4/8/2018,0.111604651,0.080604651,0.807767442,0.119253488,7125.53875
4/9/2018,0.09283871,0.085322581,0.82183871,0.027367742,6789.2675
4/10/2018,0.104,0.053096774,0.842935484,0.2087,6824.49375
4/11/2018,0.08069697,0.044666667,0.874636364,0.146439394,6941.63875
4/12/2018,0.078076923,0.065846154,0.856115385,0.064521154,7823.55875
4/13/2018,0.105574468,0.042042553,0.852446809,0.219959574,8040.88125
4/14/2018,0.116916667,0.072833333,0.810333333,0.060816667,8083.57375
4/15/2018,0.088236842,0.049868421,0.861868421,0.094526316,8160.4125
4/16/2018,0.118181818,0.040545455,0.84130303,0.239960606,8030.57
4/17/2018,0.177565217,0.045913043,0.776521739,0.421317391,7937.61
4/18/2018,0.117432432,0.069783784,0.812810811,0.098391892,8188.71875
4/19/2018,0.0882,0.066457143,0.845285714,0.075925714,8333.81374
4/20/2018,0.129780488,0.04704878,0.823170732,0.215163415,8866.67
4/21/2018,0.093666667,0.072145833,0.834083333,0.071720833,8830.05875
4/22/2018,0.10765625,0.03815625,0.8541875,0.197084375,8868.16124
4/23/2018,0.122435897,0.085974359,0.791564103,0.138664103,9191.82
4/24/2018,0.101483333,0.078266667,0.820216667,0.045033333,9373.3025
4/25/2018,0.108847826,0.078086957,0.813108696,0.073932609,8807.515
4/26/2018,0.106466667,0.044244444,0.849288889,0.1747,9153.64125
4/27/2018,0.103170213,0.087829787,0.809021277,0.05712766,9144.38375
4/28/2018,0.094366667,0.064066667,0.841533333,0.18162,9444.1425
4/29/2018,0.111,0.049,0.840105263,0.109468421,9268.7175
4/30/2018,0.111434783,0.03273913,0.855826087,0.203756522,8949.87624
5/1/2018,0.099772727,0.106704545,0.793522727,0.029284091,9029.47875
5/2/2018,0.101297872,0.042170213,0.856574468,0.241070213,9228.8525
5/3/2018,0.09,0.050333333,0.859666667,0.17208125,9572.69875
5/4/2018,0.118674419,0.051232558,0.830116279,0.25155814,9817.5975
5/5/2018,0.105875,0.0747,0.819425,0.0894825,9845.54375
5/6/2018,0.106925926,0.035925926,0.857074074,0.191085185,9326.76125
5/7/2018,0.100913043,0.11223913,0.786847826,0.018215217,9424.99124
5/8/2018,0.109207547,0.068490566,0.822264151,0.109971698,9039.02875
5/9/2018,0.095204082,0.073020408,0.831816327,0.097626531,9327.04999
5/10/2018,0.137575758,0.007151515,0.855272727,0.344009091,8920.25625
5/11/2018,0.095918919,0.056810811,0.847324324,0.134037838,8408.35875
5/12/2018,0.081903226,0.079290323,0.838806452,0.008096774,8442.23875
5/13/2018,0.073705882,0.060911765,0.865411765,0.113717647,8398.86249
5/14/2018,0.098175,0.0359,0.86585,0.20889,8711.38875
5/15/2018,0.103580645,0.07916129,0.817225806,0.065325806,8159.25625
5/16/2018,0.146533333,0.049033333,0.804433333,0.322106667,8360.22875
5/17/2018,0.104522727,0.079386364,0.816068182,0.088540909,7996.82125
5/18/2018,0.147857143,0.068,0.784114286,0.237811429,8237.3425
5/19/2018,0.090681818,0.053727273,0.855681818,0.146645455,8250.395
5/20/2018,0.119052632,0.053105263,0.827842105,0.249515789,8493.13125
5/21/2018,0.086592593,0.052703704,0.860703704,0.125562963,8324.025
5/22/2018,0.117770833,0.0675625,0.814729167,0.211047917,7951.51375
5/23/2018,0.105325,0.09295,0.801725,-0.0160475,7614.96375
5/24/2018,0.129,0.083882353,0.787117647,0.152197059,7599.9525
5/25/2018,0.159083333,0.056708333,0.784333333,0.300604167,7436.835
5/26/2018,0.0868,0.11356,0.79976,-0.0161,7296.79625
5/27/2018,0.115846154,0.068846154,0.815269231,0.164746154,7383.2175
5/28/2018,0.087066667,0.054233333,0.858733333,0.086216667,7118.42375
5/29/2018,0.123766667,0.0542,0.822033333,0.229086667,7491.61125
5/30/2018,0.104956522,0.053217391,0.841869565,0.156565217,7363.27625
5/31/2018,0.138,0.068461538,0.793538462,0.203703846,7490.62125
6/1/2018,0.104032258,0.087870968,0.808064516,0.041554839,7518.333329
6/2/2018,0.106896552,0.085275862,0.807862069,0.013968966,7630.403388
6/3/2018,0.125133333,0.083333333,0.791566667,0.049553333,7716.145068
6/4/2018,0.122266667,0.075633333,0.802066667,0.164086667,7505.589277
6/5/2018,0.122878049,0.06404878,0.812926829,0.152082927,7624.187971
6/6/2018,0.098105263,0.064447368,0.837473684,0.123636842,
6/7/2018,0.116851852,0.058925926,0.824185185,0.200951852,
6/8/2018,0.128483871,0.044290323,0.82716129,0.266890323,
6/9/2018,0.099882353,0.055,0.845176471,0.196547059,
6/10/2018,0.106916667,0.070583333,0.8225,0.150538889,
6/11/2018,0.111897436,0.079384615,0.80874359,0.150258974,6780.340803
6/12/2018,0.089129032,0.085354839,0.825451613,0.072183871,6525.329182
6/13/2018,0.142365854,0.058560976,0.799097561,0.216641463,6321.655965
6/14/2018,0.115611111,0.097638889,0.786805556,0.028491667,6601.324158
6/15/2018,0.105846154,0.064923077,0.829269231,0.13765,6397.44117
6/16/2018,0.110869565,0.047695652,0.841478261,0.242030435,6529.544015
6/17/2018,0.120185185,0.101777778,0.777962963,0.031503704,6482.868697
6/18/2018,0.095515152,0.094757576,0.80969697,0.033354545,6711.64967
6/19/2018,0.126933333,0.047633333,0.825433333,0.254923333,6731.710147
6/20/2018,0.105228571,0.0796,0.815285714,0.072085714,6736.867721
6/21/2018,0.120392857,0.080392857,0.799285714,0.117603571,6729.925937
6/22/2018,0.105375,0.1105,0.78409375,-0.0128875,6099.445277
6/23/2018,0.1272,0.06416,0.80868,0.200668,6198.700824
6/24/2018,0.122864865,0.077459459,0.799648649,0.129559459,6142.39257
6/25/2018,0.138962963,0.053222222,0.807777778,0.286859259,6244.328455
6/26/2018,0.134384615,0.061807692,0.803769231,0.174492308,6148.422705
6/27/2018,0.141913043,0.067565217,0.790478261,0.187869565,6140.1915
6/28/2018,0.103387097,0.056516129,0.840096774,0.173909677,5954.526582
6/29/2018,0.131,0.077863636,0.791181818,0.1536,6189.309252
6/30/2018,0.11815625,0.064625,0.81721875,0.19341875,6343.8922
7/1/2018,0.128076923,0.110307692,0.761692308,0.096907692,6373.277854
7/2/2018,0.129704545,0.079454545,0.790818182,0.165027273,6629.749595
7/3/2018,0.102285714,0.057107143,0.840607143,0.157985714,6482.830594
7/4/2018,0.108904762,0.014380952,0.876666667,0.337866667,6589.632793
7/5/2018,0.092966667,0.080333333,0.8266,-0.014053333,6538.682432
7/6/2018,0.123033333,0.039233333,0.837766667,0.279553333,
7/7/2018,0.12605,0.0827,0.79125,0.21693,6570.427592
7/8/2018,0.064428571,0.061642857,0.873785714,0.034942857,6744.988679
7/9/2018,0.09371875,0.0981875,0.80809375,0.055984375,6694.530851
7/10/2018,0.10075,0.06840625,0.8309375,0.10265,6364.38759
7/11/2018,0.1245,0.063657895,0.811894737,0.179552632,6360.446668
7/12/2018,0.09762069,0.080448276,0.821862069,0.111648276,6144.810118
7/13/2018,0.12059375,0.0473125,0.83209375,0.181959375,
7/14/2018,0.12725,0.04395,0.82875,0.221545,6254.678129
7/15/2018,0.123,0.105933333,0.771133333,0.14412,6366.349904
7/16/2018,0.115181818,0.047272727,0.8375,0.243575,6671.625919
7/17/2018,0.12723913,0.049086957,0.823630435,0.218606522,7315.55104
7/18/2018,0.102454545,0.041545455,0.856036364,0.1957,7359.737018
7/19/2018,0.1452,0.059975,0.79485,0.22575,7484.63967
7/20/2018,0.157407407,0.045037037,0.797666667,0.385251852,7357.445677
7/21/2018,0.15147619,0.037952381,0.81052381,0.321733333,7424.734238
7/22/2018,0.0804,0.03525,0.88425,0.172635,7411.200525
7/23/2018,0.125636364,0.054424242,0.819909091,0.145284848,7730.24748
7/24/2018,0.113,0.068791045,0.818223881,0.107286567,8325.801534
7/25/2018,0.099085714,0.052542857,0.8484,0.173431429,8271.59792
7/26/2018,0.0926,0.071175,0.83625,0.112675,7925.247396
7/27/2018,0.112410256,0.100820513,0.786794872,0.086682051,8254.277348
7/28/2018,0.104703704,0.064851852,0.830407407,0.107077778,8184.695535
7/29/2018,0.104172414,0.077241379,0.818551724,0.057624138,8201.89009
7/30/2018,0.090128205,0.043435897,0.866461538,0.195866667,8166.38836
7/31/2018,0.122384615,0.053538462,0.824115385,0.20925,7700.834129
8/1/2018,0.147194444,0.048388889,0.804472222,0.325647222,7588.58618
8/2/2018,0.133428571,0.051892857,0.814714286,0.230685714,7547.314951
8/3/2018,0.113372549,0.043588235,0.843058824,0.268037255,7423.074378
8/4/2018,0.117277778,0.085444444,0.797277778,0.1874,7396.041122
8/5/2018,0.137034483,0.035,0.827931034,0.314175862,7411.515299
8/6/2018,0.114909091,0.024409091,0.860727273,0.347786364,7402.336634
8/7/2018,0.077193548,0.058806452,0.864,0.019019355,6748.441484
8/8/2018,0.106210526,0.070684211,0.823131579,0.154636842,6460.153155
8/9/2018,0.124375,0.07525,0.80034375,0.150915625,6482.973449
8/10/2018,0.105794872,0.078410256,0.81574359,0.108079487,6092.533104
8/11/2018,0.122705882,0.119794118,0.757529412,-0.005267647,6391.599258
8/12/2018,0.112111111,0.076555556,0.811259259,0.133185185,6338.738957
8/13/2018,0.111852941,0.087852941,0.800352941,0.094861765,6260.192995
8/14/2018,0.081320755,0.084471698,0.834169811,-0.043507547,6123.447601
8/15/2018,0.142941176,0.059441176,0.797588235,0.258508824,6332.6069
8/16/2018,0.128481481,0.029333333,0.842296296,0.302462963,6273.88807
8/17/2018,0.139485714,0.0388,0.821742857,0.244828571,6566.595283
8/18/2018,0.113086957,0.069,0.817782609,0.143669565,6396.946369
8/19/2018,0.109766667,0.1085,0.781733333,0.038946667,6516.668382
8/20/2018,0.127861111,0.050166667,0.821972222,0.298658333,6299.395333
8/21/2018,0.1416,0.09252,0.766,0.193596,6470.733567
8/22/2018,0.118868421,0.111552632,0.769605263,0.0798,6355.881809
8/23/2018,0.125,0.088842105,0.786131579,0.124094737,6503.832362
8/24/2018,0.10525,0.042625,0.852125,0.268641667,6675.360683
8/25/2018,0.084304348,0.065,0.85073913,0.023908696,6725.032327
8/26/2018,0.0869,0.06115,0.8521,0.138115,6689.822683
8/27/2018,0.1188,0.074233333,0.807,0.107543333,6756.628926
8/28/2018,0.120842105,0.090473684,0.788684211,0.111310526,7084.293617
8/29/2018,0.126931034,0.040827586,0.832241379,0.267224138,7059.231235
8/30/2018,0.113458333,0.055125,0.831416667,0.1876125,6938.914582
8/31/2018,0.115517241,0.066931034,0.817551724,0.1792,7028.447312
9/1/2018,0.122058824,0.083352941,0.794647059,0.0967,7198.058436
9/2/2018,0.065153846,0.036384615,0.898461538,0.113180769,7282.858514
9/3/2018,0.119837838,0.046162162,0.833864865,0.235108108,7260.251593
9/4/2018,0.110703704,0.043037037,0.846296296,0.221977778,7361.271864
9/5/2018,0.141,0.081709677,0.777290323,0.173816129,6913.115013
9/6/2018,0.130870968,0.073741935,0.795419355,0.141677419,6471.493884
9/7/2018,0.112653846,0.067692308,0.819769231,0.174476923,6400.268706
9/8/2018,0.118066667,0.0656,0.816466667,0.102086667,6181.744207
9/9/2018,0.113035714,0.119428571,0.767535714,0.028357143,6253.937201
9/10/2018,0.0715,0.054653846,0.873846154,0.091196154,6275.083132
9/11/2018,0.123296296,0.049592593,0.827148148,0.284574074,6275.669588
9/12/2018,0.112,0.084153846,0.803807692,0.121580769,6277.494409
9/13/2018,0.11675,0.078928571,0.804428571,0.103014286,6283.1842
9/14/2018,0.108208333,0.02125,0.870625,0.308916667,6285.982466
9/15/2018,0.108772727,0.070909091,0.820363636,0.102245455,6280.310107
9/16/2018,0.121578947,0.098473684,0.779947368,0.104210526,6281.409356
9/17/2018,0.092909091,0.099590909,0.8075,0.041863636,6273.220083
9/18/2018,0.110392857,0.085392857,0.804142857,0.118792857,6278.595486
9/19/2018,0.1415,0.063576923,0.794846154,0.148484615,6282.610727
9/20/2018,0.136857143,0.102821429,0.760285714,0.145921429,6288.07017
9/21/2018,0.084740741,0.097407407,0.817814815,0.025559259,6317.699685
9/22/2018,0.135588235,0.039529412,0.824882353,0.328164706,6293.836421
9/23/2018,0.145,0.0644,0.79064,0.22828,6289.621327
9/24/2018,0.10873913,0.068217391,0.823043478,0.127004348,6466.994564
9/25/2018,0.121545455,0.051909091,0.826575758,0.198509091,6391.385981
9/26/2018,0.093611111,0.029777778,0.876555556,0.264644444,6509.776621
9/27/2018,0.095333333,0.04647619,0.858238095,0.16942381,6698.416047
9/28/2018,0.163777778,0.024222222,0.812,0.404883333,6502.688151
9/29/2018,0.1075,0.0141,0.8784,0.2462,6576.61432
9/30/2018,0.113357143,0.052071429,0.834642857,0.209157143,6647.387947
10/1/2018,0.083333333,0.075916667,0.840791667,0.105320833,6603.754342
10/2/2018,0.073333333,0.055333333,0.871277778,0.086455556,6576.354229
10/3/2018,0.107222222,0.034194444,0.858611111,0.286116667,6481.24577
10/4/2018,0.085,0.03088,0.88412,0.183412,6594.935786
10/5/2018,0.110675676,0.066324324,0.822972973,0.140102703,6630.575297
10/6/2018,0.1215,0.044666667,0.833833333,0.255677778,6595.260326
10/7/2018,0.078227273,0.063,0.858818182,0.148095455,6591.686318
10/8/2018,0.101958333,0.033708333,0.864333333,0.217908333,6662.8685
10/9/2018,0.117409091,0.075590909,0.807,0.160772727,6663.021071
10/10/2018,0.154933333,0.046633333,0.7984,0.28951,6619.495845
10/11/2018,0.137259259,0.067185185,0.795444444,0.220692593,6285.859203
10/12/2018,0.159947368,0.100368421,0.739631579,0.158078947,6309.198921
10/13/2018,0.14365,0.11625,0.74015,0.04675,6331.131154
10/14/2018,0.110933333,0.058866667,0.830066667,0.27178,6361.417016
10/15/2018,0.107682927,0.054487805,0.837780488,0.142956098,6721.587503
10/16/2018,0.111136364,0.049227273,0.839681818,0.269672727,6724.833078
10/17/2018,0.118259259,0.058851852,0.823,0.240618519,6444.74701
10/18/2018,0.1226875,0.077125,0.80025,0.15746875,6374.648863
10/19/2018,0.056,0.042,0.902,0.057758333,6372.686817
10/20/2018,0.162958333,0.052541667,0.784583333,0.373245833,6407.479085
10/21/2018,0.092125,0.110208333,0.797666667,0.022495833,6412.530491
10/22/2018,0.050782609,0.068043478,0.881086957,-0.06643913,6396.880154
10/23/2018,0.116057143,0.087,0.796885714,0.12134,6396.252324
10/24/2018,0.157296296,0.056703704,0.786037037,0.305681481,6407.667175
10/25/2018,0.147045455,0.042727273,0.810227273,0.253727273,6405.500726
10/26/2018,0.098342857,0.062428571,0.8392,0.127994286,6392.179337
10/27/2018,0.174782609,0.084173913,0.741043478,0.148321739,6429.687141
10/28/2018,0.099529412,0.063941176,0.836647059,0.068976471,
10/29/2018,0.040588235,0.068705882,0.890823529,-0.112805882,6266.189683
10/30/2018,0.117142857,0.080571429,0.802392857,0.117867857,6276.4645
10/31/2018,0.172396226,0.027075472,0.800528302,0.439567925,6321.713671
11/1/2018,0.159758621,0.041827586,0.79837931,0.3929,6341.094813
11/2/2018,0.12875,0.039166667,0.832041667,0.3089,6360.141272
11/3/2018,0.097214286,0.096428571,0.806285714,-7.86E-05,6344.738943
11/4/2018,0.09,0.060538462,0.849538462,0.169469231,6405.139755
11/5/2018,0.142111111,0.050944444,0.807,0.223438889,6396.352124
11/6/2018,0.127458333,0.044875,0.827708333,0.321675,6425.917802
11/7/2018,0.094055556,0.072166667,0.833777778,0.140122222,6514.489453
11/8/2018,0.1385,0.0652,0.79625,0.191165,6412.524289
11/9/2018,0.1299375,0.0845625,0.7855625,0.144025,6343.632504
11/10/2018,0.1253125,0.0630625,0.8115625,0.10719375,6365.655232
11/11/2018,0.129529412,0.064882353,0.805588235,0.189411765,6327.480646
11/12/2018,0.089947368,0.104473684,0.805684211,-0.057021053,6327.154696
11/13/2018,0.142217391,0.064869565,0.792913043,0.198713043,6282.438677
11/14/2018,0.083575,0.0743,0.842125,0.0046125,5524.801093
11/15/2018,0.130675,0.1364,0.732875,-0.03808,5511.152834
11/16/2018,0.0895,0.0971,0.8133,-0.02964,5448.600634
11/17/2018,0.103368421,0.124947368,0.771736842,-0.009252632,5497.411279
11/18/2018,0.117454545,0.065727273,0.816787879,0.163669697,5553.014895
11/19/2018,0.117,0.0934,0.7896,0.019391667,4800.342897
11/20/2018,0.112932203,0.087881356,0.79920339,0.066830508,4246.312774
11/21/2018,0.115444444,0.099194444,0.785388889,0.051694444,4478.299558
11/22/2018,0.14397619,0.055333333,0.800738095,0.2674,4405.744031
11/23/2018,0.097,0.100447368,0.802578947,0.038778947,4329.91722
11/24/2018,0.120565217,0.066695652,0.812782609,0.14041087,3728.872648
11/25/2018,0.106092308,0.091015385,0.8028,0.020827692,3951.205029
11/26/2018,0.115020833,0.091645833,0.793375,0.067166667,3640.557165
11/27/2018,0.101638298,0.060340426,0.838106383,0.110955319,3792.192364
11/28/2018,0.1135625,0.045645833,0.840833333,0.17074375,4174.319972
11/29/2018,0.135853659,0.056853659,0.807195122,0.252378049,4218.608363
11/30/2018,0.1516,0.045966667,0.802466667,0.25154,3952.447895
12/1/2018,0.096214286,0.063821429,0.839964286,0.096982143,4178.603828
12/2/2018,0.1935625,0.0494375,0.7569375,0.40415625,4118.518242
12/3/2018,0.100520833,0.083729167,0.815791667,0.125083333,3847.032737
12/4/2018,0.116641026,0.099051282,0.784410256,0.070653846,3889.29212
12/5/2018,0.092764706,0.08,0.827264706,0.024244118,3713.573383
12/6/2018,0.1126875,0.06084375,0.82640625,0.205034375,3578.206624
12/7/2018,0.165309524,0.048547619,0.786119048,0.340088095,3391.874146
12/8/2018,0.104866667,0.065966667,0.8291,0.098046667,3452.616185
12/9/2018,0.100434783,0.065782609,0.833956522,0.15486087,3507.306367
12/10/2018,0.13248,0.07732,0.79016,0.181444,3419.733768
12/11/2018,0.088605263,0.066289474,0.845078947,0.084065789,3360.946628
12/12/2018,0.123551724,0.082275862,0.794172414,0.138151724,3414.833749
12/13/2018,0.053828571,0.129314286,0.816885714,-0.209531429,3263.547913
12/14/2018,0.111558824,0.068676471,0.819764706,0.098326471,3212.207081
12/15/2018,0.12672,0.06028,0.81304,0.182756,3194.962272
12/16/2018,0.159588235,0.071,0.769352941,0.209447059,3200.642468
12/17/2018,0.127736842,0.066157895,0.806122807,0.190487719,3478.461203
12/18/2018,0.14797619,0.0465,0.8055,0.2817,3562.894946
12/19/2018,0.128625,0.067375,0.803975,0.2096375,3709.316759
12/20/2018,0.119820513,0.078076923,0.802076923,0.115071795,4065.799953
12/21/2018,0.135322581,0.056,0.808741935,0.256806452,3824.739794
12/22/2018,0.15315625,0.081125,0.7656875,0.210846875,3862.726329
12/23/2018,0.110375,0.0751875,0.8145,0.15605,3949.794342
12/24/2018,0.119942857,0.087428571,0.792685714,0.09304,4054.29626
12/25/2018,0.130714286,0.073047619,0.796190476,0.079561905,3767.350024
12/26/2018,0.121192308,0.073307692,0.805538462,0.224473077,3807.153022
12/27/2018,0.17025,0.0797,0.7501,0.24911,3587.198223
12/28/2018,0.09730303,0.10230303,0.800393939,0.036321212,3865.5293
12/29/2018,0.107142857,0.071657143,0.821085714,0.121405714,
12/30/2018,0.09984,0.06744,0.83268,0.038792,
12/31/2018,0.130891892,0.067756757,0.801324324,0.242616216,3689.56462
1/1/2019,0.187888889,0.056148148,0.755888889,0.290462963,3715.564441
1/2/2019,0.153125,0.0918125,0.7550625,0.21265625,3882.304754
1/3/2019,0.186128205,0.071525641,0.742294872,0.295578205,3795.592741
1/4/2019,0.110541667,0.091666667,0.79775,0.133991667,3812.381108
1/5/2019,0.11996,0.04092,0.83912,0.252308,3809.914343
1/6/2019,0.098807692,0.052653846,0.848615385,0.189861538,4014.133187
1/7/2019,0.131684211,0.037631579,0.830684211,0.265589474,3989.631741
1/8/2019,0.113423077,0.069038462,0.817576923,0.157084615,3992.986144
1/9/2019,0.121962963,0.053111111,0.824962963,0.22637037,3995.325193
1/10/2019,0.116642857,0.074178571,0.809142857,0.160396429,3617.346291
1/11/2019,0.1202,0.0645,0.8153,0.25397,3606.16489
1/12/2019,0.101166667,0.021666667,0.877166667,0.258333333,3611.528238
1/13/2019,0.134809524,0.070571429,0.794619048,0.113280952,3497.669392
1/14/2019,0.093310345,0.049275862,0.857344828,0.128268966,3654.347067
1/15/2019,0.092666667,0.068714286,0.838666667,0.130085714,3568.751259
1/16/2019,0.1706,0.028066667,0.801266667,0.350393333,3593.72174
1/17/2019,0.142863636,0.051181818,0.806,0.202,3623.717337
1/18/2019,0.139772727,0.058227273,0.802,0.262177273,3605.855187
1/19/2019,0.0863,0.06085,0.8528,0.063115,3690.908564
1/20/2019,0.106266667,0.065,0.828666667,0.200106667,3544.221724
1/21/2019,0.069722222,0.100444444,0.829722222,-0.030577778,3528.463529
1/22/2019,0.091529412,0.080941176,0.827588235,0.013088235,3581.551947
1/23/2019,0.11416129,0.052967742,0.832870968,0.175535484,3549.770799
1/24/2019,0.1625,0.072909091,0.764454545,0.301281818,3562.920476
1/25/2019,0.161777778,0.032722222,0.805444444,0.380572222,3566.666164
1/26/2019,0.0955625,0.0729375,0.8314375,0.14535,3563.27801
1/27/2019,0.122,0.057909091,0.820181818,0.273427273,3539.620947
1/28/2019,0.12216,0.0934,0.78444,0.126468,3425.262161
1/29/2019,0.108956522,0.041086957,0.849869565,0.235934783,3395.018645
1/30/2019,0.078833333,0.058055556,0.863166667,0.101961111,3441.032215
1/31/2019,0.086488889,0.052311111,0.861177778,0.180042222,3420.633227
2/1/2019,0.095307692,0.074730769,0.829846154,0.146907692,3439.805699
2/2/2019,0.101793103,0.045413793,0.852827586,0.139282759,3433.035285
2/3/2019,0.136375,0.094791667,0.768875,0.1952125,3404.499313
2/4/2019,0.164315789,0.068947368,0.766684211,0.269515789,3412.230431
2/5/2019,0.164909091,0.067030303,0.768090909,0.250439394,3419.767899
2/6/2019,0.122466667,0.049622222,0.827911111,0.190755556,3367.519032
2/7/2019,0.116272727,0.066575758,0.817121212,0.155130303,3360.534076
2/8/2019,0.115121212,0.061151515,0.82369697,0.128048485,3591.022152
2/9/2019,0.10547619,0.055571429,0.838904762,0.150742857,3617.46468
2/10/2019,0.128684211,0.118526316,0.752736842,0.075215789,3621.154003
2/11/2019,0.084681818,0.085681818,0.829681818,0.068690909,3593.183177
2/12/2019,0.112,0.052074074,0.836,0.236955556,3579.341881
2/13/2019,0.136129032,0.064870968,0.799,0.226141935,3569.554833
2/14/2019,0.108926829,0.133487805,0.757634146,-0.032382927,3558.396858
2/15/2019,0.140727273,0.102227273,0.757181818,0.145190909,3566.247765
2/16/2019,0.149947368,0.045526316,0.804578947,0.251826316,3596.405191
2/17/2019,0.1726,0.06096,0.76644,0.316884,3606.151988
2/18/2019,0.119131579,0.066789474,0.814131579,0.192705263,3865.318165
2/19/2019,0.114368421,0.068263158,0.817342105,0.150044737,3904.48292
2/20/2019,0.108081081,0.042351351,0.849540541,0.243943243,3924.739844
2/21/2019,0.079758621,0.057896552,0.862448276,0.116075862,3889.758485
2/22/2019,0.1211,0.049166667,0.829733333,0.252286667,3933.60759
2/23/2019,0.086097561,0.039341463,0.874560976,0.155321951,4105.112759
2/24/2019,0.099612903,0.075193548,0.82516129,0.039209677,3763.620516
2/25/2019,0.106484848,0.055939394,0.837636364,0.146181818,3819.865341
2/26/2019,0.123047619,0.041714286,0.835285714,0.218309524,3797.58179
2/27/2019,0.07565,0.024,0.90035,0.1446,3772.936335
2/28/2019,0.102380952,0.095857143,0.801714286,0.0785,3799.678543
3/1/2019,0.113730769,0.071230769,0.814923077,0.051953846,3811.611979
3/2/2019,0.141692308,0.081692308,0.7765,0.204692308,3804.41917
3/3/2019,0.08892,0.05088,0.8602,0.13474,3782.664101
3/4/2019,0.136953488,0.029534884,0.833488372,0.375469767,3689.862893
3/5/2019,0.135566667,0.057466667,0.806933333,0.23041,3832.080885
3/6/2019,0.09673913,0.065608696,0.837652174,0.026452174,3848.95637
3/7/2019,0.12662069,0.047068966,0.826310345,0.199444828,3859.839983
3/8/2019,0.132318182,0.063090909,0.804636364,0.203131818,3828.371904
3/9/2019,0.13475,0.04165,0.8236,0.16291,3898.86846
3/10/2019,0.108409091,0.043,0.848636364,0.205809091,3899.655869
3/11/2019,0.137181818,0.039818182,0.823090909,0.238154545,3851.24919
3/12/2019,0.074913043,0.077956522,0.847173913,0.004195652,3866.295946
3/13/2019,0.119681818,0.068181818,0.812227273,0.145195455,3846.274442
3/14/2019,0.0925,0.045769231,0.861846154,0.128126923,3855.744363
3/15/2019,0.113086957,0.080608696,0.80626087,0.123669565,3892.052301
3/16/2019,0.109086957,0.103173913,0.787695652,0.05103913,3985.851236
3/17/2019,0.093217391,0.102130435,0.804608696,-0.029373913,3970.389045
3/18/2019,0.101173913,0.084434783,0.814347826,0.112117391,3974.415764
3/19/2019,0.105527778,0.04675,0.847666667,0.251658333,3996.037131
3/20/2019,0.117102564,0.064179487,0.818769231,0.234802564,4027.787395
3/21/2019,0.117,0.065333333,0.817666667,0.204556667,3974.811429
3/22/2019,0.1132,0.052866667,0.833933333,0.18763,3987.305225
3/23/2019,0.112277778,0.047055556,0.840666667,0.173322222,3977.707443
3/24/2019,0.088875,0.052958333,0.858208333,0.150125,3968.438701
3/25/2019,0.1526,0.053133333,0.794133333,0.233546667,3913.781717
3/26/2019,0.090222222,0.055388889,0.8545,0.158522222,3915.37532
3/27/2019,0.095307692,0.049269231,0.855384615,0.163561538,4018.59051
3/28/2019,0.171708333,0.054833333,0.773458333,0.276316667,4008.370872
3/29/2019,0.15376,0.07148,0.77472,0.342512,4080.260114
3/30/2019,0.124058824,0.067588235,0.808352941,0.1548,4081.221605
3/31/2019,0.09952381,0.041904762,0.858571429,0.13422381,4094.704791
4/1/2019,0.1110625,0.0679375,0.821,0.1988625,4135.18494
4/2/2019,0.090454545,0.051701299,0.857857143,0.134197403,4818.770635
4/3/2019,0.096396552,0.069655172,0.833965517,0.126872414,5102.150753
4/4/2019,0.093363636,0.055484848,0.851151515,0.170481818,4875.599431
4/5/2019,0.115233333,0.076166667,0.808633333,0.170043333,5030.933271
4/6/2019,0.098822222,0.041,0.860155556,0.16932,5028.321082
4/7/2019,0.10525,0.047625,0.847125,0.16215625,5198.17317
4/8/2019,0.1112,0.051371429,0.837428571,0.201657143,5260.205043
4/9/2019,0.0587,0.116775,0.824525,-0.25017,5179.997649
4/10/2019,0.117842105,0.068210526,0.814,0.142965789,5283.543758
4/11/2019,0.078756757,0.069702703,0.851594595,-0.002175676,5049.605824
4/12/2019,0.151857143,0.054,0.794190476,0.268371429,5077.515864
4/13/2019,0.101238095,0.049095238,0.849619048,0.127042857,5066.86704
4/14/2019,0.105347826,0.020782609,0.873913043,0.20616087,5158.387401
4/15/2019,0.09971875,0.08234375,0.818,0.044415625,5045.675166
4/16/2019,0.089390244,0.101902439,0.808682927,-0.013570732,5184.204468
4/17/2019,0.132848485,0.036909091,0.830151515,0.305830303,5220.959934
4/18/2019,0.090291667,0.04625,0.863416667,0.100383333,5276.558982
4/19/2019,0.079941176,0.088029412,0.832088235,0.085197059,5266.661246
4/20/2019,0.105366667,0.0697,0.825,0.095363333,5292.14833
4/21/2019,0.105580645,0.064645161,0.829741935,0.094348387,5276.558318
4/22/2019,0.12585,0.0569,0.81725,0.212375,5398.433417
4/23/2019,0.111755102,0.045265306,0.842959184,0.210257143,5552.521911
4/24/2019,0.089862069,0.057034483,0.853103448,0.104882759,5432.991017
4/25/2019,0.130548387,0.075354839,0.793967742,0.192032258,5132.227526
4/26/2019,0.085421053,0.064842105,0.849736842,0.041455263,5151.574528
4/27/2019,0.094151515,0.06269697,0.843151515,0.084563636,5200.193239
4/28/2019,0.088391304,0.065043478,0.846521739,0.05866087,5152.54574
4/29/2019,0.1153,0.0619,0.822733333,0.14275,5151.4335
4/30/2019,0.104935484,0.050290323,0.844774194,0.137035484,5277.444469
5/1/2019,0.090285714,0.051171429,0.858542857,0.187782857,5297.942492
5/2/2019,0.106166667,0.058277778,0.8355,0.132375,5405.878067
5/3/2019,0.092472727,0.072109091,0.835436364,0.078894545,5697.679054
5/4/2019,0.081785714,0.087642857,0.830619048,0.03732381,5812.331779
5/5/2019,0.12659375,0.08625,0.78715625,0.08963125,5713.035052
5/6/2019,0.106918367,0.036693878,0.856387755,0.250753061,5706.008421
5/7/2019,0.092210526,0.065631579,0.842184211,0.047721053,5899.529693
5/8/2019,0.122731707,0.10597561,0.771341463,0.06132439,5932.441391
5/9/2019,0.105944444,0.085296296,0.808814815,0.093081481,6159.685902
5/10/2019,0.141344262,0.058967213,0.799655738,0.257395082,6387.82945
5/11/2019,0.113822917,0.041979167,0.8441875,0.242030208,7254.805536
5/12/2019,0.093043478,0.075101449,0.831855072,0.086118841,6992.706661
5/13/2019,0.112,0.047537879,0.840439394,0.227772727,7906.940835
5/14/2019,0.097622222,0.067466667,0.834955556,0.105141111,7928.417416
5/15/2019,0.125403509,0.062333333,0.812192982,0.199645614,8177.453519
5/16/2019,0.100415094,0.063377358,0.836207547,0.15250566,7820.076243
5/17/2019,0.081076923,0.085897436,0.833051282,-0.023397436,7243.650539
5/18/2019,0.102205128,0.056410256,0.841410256,0.134448718,7295.649729
5/19/2019,0.123877193,0.072210526,0.803982456,0.181112281,8221.259395
5/20/2019,0.124779412,0.066852941,0.808308824,0.175975,7917.012499
5/21/2019,0.127532258,0.047322581,0.825129032,0.178498387,7961.128743
5/22/2019,0.117209302,0.053348837,0.829488372,0.225034884,7723.90388
5/23/2019,0.100897959,0.048183673,0.850938776,0.214908163,7903.84691
5/24/2019,0.099825,0.05985,0.840275,0.1321025,8038.506791
5/25/2019,0.14592,0.0772,0.77692,0.141476,8089.570164
5/26/2019,0.116134615,0.058,0.825807692,0.1669,8653.142368
5/27/2019,0.118442857,0.061485714,0.820071429,0.179351429,8800.346606
5/28/2019,0.118472727,0.055127273,0.826472727,0.174714545,8719.331485
5/29/2019,0.134208333,0.0698125,0.796041667,0.199170833,8672.400107
5/30/2019,0.086612245,0.057265306,0.856102041,0.087679592,8287.040256
5/31/2019,0.110891892,0.045621622,0.843486486,0.230567568,8513.203882
6/1/2019,0.127972222,0.031805556,0.840194444,0.221216667,8588.479505
6/2/2019,0.123657143,0.079257143,0.797114286,0.127045714,8744.265561
6/3/2019,0.120518519,0.058555556,0.820888889,0.217055556,8474.048229
6/4/2019,0.087521739,0.070130435,0.842369565,0.061102174,7645.572514
6/5/2019,0.09090625,0.054875,0.85421875,0.09494375,7790.321135
6/6/2019,0.110677419,0.077612903,0.811709677,0.136980645,7730.881726
6/7/2019,0.100666667,0.07225641,0.827076923,0.061605128,8030.256079
6/8/2019,0.110096774,0.093741935,0.796193548,0.007764516,7949.425799
6/9/2019,0.087263158,0.080473684,0.832263158,0.080773684,7600.922492
6/10/2019,0.120846154,0.057692308,0.821307692,0.111580769,7954.006238
6/11/2019,0.128366667,0.0468,0.8249,0.198193333,7903.62525
6/12/2019,0.097076923,0.068038462,0.834846154,0.134469231,8151.78868
6/13/2019,0.135666667,0.054583333,0.809694444,0.1692,8256.720099
6/14/2019,0.110222222,0.056977778,0.832777778,0.200037778,8667.787954
6/15/2019,0.100409091,0.045113636,0.854477273,0.142709091,8836.168413
6/16/2019,0.091585714,0.070728571,0.837714286,0.055901429,9061.540461
6/17/2019,0.128617647,0.047852941,0.823514706,0.215919118,9346.975087
6/18/2019,0.0996125,0.0570375,0.8433875,0.15259,9012.48785
6/19/2019,0.089983871,0.058096774,0.851919355,0.116066129,9259.123638
6/20/2019,0.121537313,0.061820896,0.81661194,0.198983582,9559.900689
6/21/2019,0.134845361,0.064989691,0.800206186,0.176710309,9906.407965
6/22/2019,0.093060811,0.071445946,0.8355,0.061878378,10461.41217
6/23/2019,0.149811594,0.071202899,0.779014493,0.217918841,10843.57097
6/24/2019,0.106285714,0.0448,0.848885714,0.224171429,10996.45975
6/25/2019,0.110405405,0.046567568,0.842986486,0.198082432,11665.40968
6/26/2019,0.092653595,0.064052288,0.84327451,0.087283007,12444.92586
6/27/2019,0.097621212,0.069772727,0.832636364,0.108445455,11086.26883
6/28/2019,0.104981481,0.053314815,0.841740741,0.184892593,12316.95301
6/29/2019,0.110710526,0.059263158,0.83,0.170821053,12024.08097
6/30/2019,0.1040625,0.0679375,0.828,0.19151875,10932.31051
7/1/2019,0.111367347,0.05144898,0.837142857,0.19212449,10454.68382
7/2/2019,0.122089286,0.070178571,0.807732143,0.169375,10800.13014
7/3/2019,0.139515152,0.03980303,0.820681818,0.29605303,11942.24022
7/4/2019,0.141525,0.057025,0.80145,0.207675,11645.52461
7/5/2019,0.124763158,0.073973684,0.801289474,0.209534211,10946.20905
7/6/2019,0.105333333,0.058592593,0.836,0.158992593,11219.046
7/7/2019,0.122529412,0.063882353,0.813558824,0.133361765,11422.11447
7/8/2019,0.128236364,0.071563636,0.8002,0.192250909,12335.99939
7/9/2019,0.104181818,0.075981818,0.819836364,0.086529091,12575.90407
7/10/2019,0.0855,0.074180556,0.840291667,0.092702778,12054.18379
7/11/2019,0.111314286,0.078714286,0.810028571,0.120248571,11324.1447
7/12/2019,0.134351145,0.069045802,0.796572519,0.192074809,11802.95996
7/13/2019,0.125058824,0.036411765,0.83845098,0.209660784,11279.60274
7/14/2019,0.156020833,0.064208333,0.779791667,0.24949375,10506.39583
7/15/2019,0.143025641,0.050961538,0.805974359,0.259778205,10934.48274
7/16/2019,0.127231884,0.052811594,0.819927536,0.203081159,9490.410516
7/17/2019,0.119121212,0.068818182,0.812020202,0.142763636,9733.132134
7/18/2019,0.111766667,0.062166667,0.826083333,0.203391667,10603.34887
7/19/2019,0.074563636,0.057981818,0.867436364,0.009263636,10466.26094
7/20/2019,0.122477273,0.050295455,0.82725,0.206097727,10983.216
7/21/2019,0.076714286,0.041333333,0.881952381,0.107166667,10551.13163
7/22/2019,0.093707317,0.053609756,0.852731707,0.208992683,10285.63923
7/23/2019,0.104657143,0.067371429,0.827942857,0.116868571,10027.53261
7/24/2019,0.116571429,0.049214286,0.834214286,0.239904762,9771.504761
7/25/2019,0.124340909,0.054954545,0.820704545,0.250925,9897.429352
7/26/2019,0.129689655,0.094793103,0.775517241,0.124144828,9812.226351
7/27/2019,0.089,0.071885714,0.839114286,0.13518,9440.140037
7/28/2019,0.158851852,0.075148148,0.765962963,0.231122222,9495.855261
7/29/2019,0.12144898,0.059877551,0.818632653,0.172993878,9506.704273
7/30/2019,0.131414634,0.065707317,0.802829268,0.236319512,9572.735372
7/31/2019,0.146340426,0.081106383,0.772510638,0.238097872,10005.29447
8/1/2019,0.1771,0.05124,0.7716,0.362942,10385.20061
8/2/2019,0.107025,0.06345,0.829525,0.1354875,10513.91147
8/3/2019,0.098088235,0.074352941,0.8275,0.055411765,10831.25986
8/4/2019,0.078125,0.066375,0.855458333,0.090075,10985.80754
8/5/2019,0.122945055,0.09021978,0.786802198,0.102257143,11811.78705
8/6/2019,0.135096154,0.091826923,0.773115385,0.157934615,11310.18722
8/7/2019,0.12975,0.0784375,0.791833333,0.145983333,11956.04722
8/8/2019,0.119595238,0.056809524,0.823595238,0.191366667,11817.45548
8/9/2019,0.139408163,0.075938776,0.784612245,0.166222449,11827.57457
8/10/2019,0.144714286,0.048047619,0.807285714,0.2591,11278.28125
8/11/2019,0.130125,0.111375,0.758625,0.056425,11485.36578
8/12/2019,0.10126087,0.082934783,0.815804348,0.051495652,11391.96865
8/13/2019,0.10227027,0.067216216,0.830486486,0.100345946,10869.37911
8/14/2019,0.122071429,0.072142857,0.805803571,0.152008929,10211.49858
8/15/2019,0.121473684,0.092236842,0.786315789,0.117692105,10386.53955
8/16/2019,0.083204545,0.07525,0.841522727,0.035159091,10388.45059
8/17/2019,0.100296296,0.112851852,0.786851852,0.044333333,10212.10144
8/18/2019,0.119289474,0.092210526,0.788578947,0.023278947,10335.37284
8/19/2019,0.131317073,0.071902439,0.796731707,0.12142439,10774.81031
8/20/2019,0.135066667,0.04835,0.816566667,0.225446667,10818.50701
8/21/2019,0.164638889,0.071694444,0.763611111,0.200066667,10064.91679
8/22/2019,0.126836735,0.064693878,0.80844898,0.156934694,10161.16475
8/23/2019,0.124377778,0.094088889,0.7816,0.115746667,10364.28135
8/24/2019,0.075181818,0.087333333,0.837484848,-0.058412121,10171.49746
8/25/2019,0.106962963,0.113185185,0.779814815,0.003592593,10068.92242
8/26/2019,0.127294118,0.081294118,0.791470588,0.091961765,10312.21504
8/27/2019,0.096413793,0.096758621,0.806827586,0.042510345,10122.19653
8/28/2019,0.096783784,0.035486486,0.86772973,0.187367568,9743.162051
8/29/2019,0.138125,0.063125,0.798725,0.303805,9487.976434
8/30/2019,0.126108108,0.097486486,0.776324324,0.110518919,9590.736337
8/31/2019,0.127481481,0.052222222,0.820296296,0.152885185,9624.983911
9/1/2019,0.084666667,0.123666667,0.792,-0.117033333,9780.667897
9/2/2019,0.11677193,0.078701754,0.804561404,0.126866667,10381.85596
9/3/2019,0.129444444,0.0564,0.814088889,0.189095556,10691.3113
9/4/2019,0.090484848,0.091454545,0.818030303,0.027660606,10555.0469
9/5/2019,0.143625,0.0642,0.792275,0.2579525,10576.31789
9/6/2019,0.158697674,0.082837209,0.758488372,0.189344186,10334.02389
9/7/2019,0.124576923,0.053615385,0.821769231,0.234719231,10495.22736
9/8/2019,0.10727027,0.068162162,0.824594595,0.145191892,10402.79653
9/9/2019,0.110542857,0.056428571,0.832971429,0.172071429,10332.94219
9/10/2019,0.144032258,0.070354839,0.785612903,0.212319355,10082.94683
9/11/2019,0.118595238,0.064785714,0.816619048,0.18837619,10152.75298
9/12/2019,0.121932203,0.084542373,0.793457627,0.092488136,10396.7672
9/13/2019,0.17008,0.07172,0.75828,0.332972,10299.47696
9/14/2019,0.09204,0.03368,0.87428,0.213892,10351.23202
9/15/2019,0.083685714,0.032114286,0.884171429,0.148282857,10302.19071
9/16/2019,0.129875,0.07075,0.799375,0.180455,10301.65965
9/17/2019,0.14625,0.057681818,0.796113636,0.183415909,10231.42151
9/18/2019,0.108275,0.055325,0.83645,0.172715,10168.28771
9/19/2019,0.07902381,0.043214286,0.877714286,0.154138095,10223.50558
9/20/2019,0.095064516,0.081967742,0.822935484,0.064880645,10138.33521
9/21/2019,0.127846154,0.087230769,0.784884615,0.099211538,9984.520516
9/22/2019,0.13553125,0.04246875,0.82203125,0.302690625,10031.86671
9/23/2019,0.132033333,0.037583333,0.830366667,0.26553,9719.718696
9/24/2019,0.107489362,0.068978723,0.823553191,0.014138298,8688.973526
9/25/2019,0.102777778,0.074648148,0.822592593,0.061090741,8438.708552
9/26/2019,0.126191489,0.07906383,0.794829787,0.17667234,8103.2109
9/27/2019,0.102210526,0.035315789,0.862526316,0.173326316,8195.210697
9/28/2019,0.130333333,0.049051282,0.820589744,0.159482051,8146.414032
9/29/2019,0.109965517,0.08237931,0.80762069,0.123886207,8085.71329
9/30/2019,0.092185185,0.081037037,0.826814815,0.065555556,8241.34147
10/1/2019,0.133953488,0.044581395,0.82144186,0.24035814,8333.68919
10/2/2019,0.134882353,0.033852941,0.831264706,0.230176471,8273.464018
10/3/2019,0.084378378,0.083027027,0.832594595,0.041137838,8203.843833
10/4/2019,0.1146,0.08705,0.79835,0.01939,8163.902638
10/5/2019,0.132970588,0.063735294,0.803205882,0.2778,8137.146689
10/6/2019,0.136677419,0.068903226,0.794290323,0.175819355,7853.693305
10/7/2019,0.113178571,0.110928571,0.775928571,0.004778571,8236.208379
10/8/2019,0.20144,0.043,0.75552,0.435472,8201.637818
10/9/2019,0.12755,0.07,0.80245,0.164285,8572.380812
10/10/2019,0.094973684,0.077657895,0.827315789,0.009421053,8582.144518
10/11/2019,0.112806452,0.089774194,0.797483871,0.120467742,8320.171581
10/12/2019,0.10736,0.05804,0.8346,0.121044,8328.60426
10/13/2019,0.124837838,0.097783784,0.77727027,0.08567027,8282.177326
10/14/2019,0.122032258,0.051774194,0.826193548,0.192667742,8337.818999
10/15/2019,0.071,0.063576923,0.865423077,0.049042308,
10/16/2019,0.112140351,0.073736842,0.814105263,0.075110526,8003.820395
10/17/2019,0.105333333,0.07125,0.823388889,0.056794444,8058.058081
10/18/2019,0.158564103,0.052,0.789461538,0.309402564,7970.239476
10/19/2019,0.104240741,0.078111111,0.817666667,0.10047963,7943.347107
10/20/2019,0.102142857,0.060107143,0.837714286,0.102717857,8200.318763
10/21/2019,0.114615385,0.071435897,0.814,0.116225641,8200.246099
10/22/2019,0.120653846,0.052961538,0.826346154,0.179738462,8073.409544
10/23/2019,0.094160714,0.068303571,0.837571429,0.105460714,7420.415836
10/24/2019,0.127152174,0.058021739,0.814804348,0.211767391,7460.617416
10/25/2019,0.108796296,0.071796296,0.819425926,0.114748148,8591.223897
10/26/2019,0.10928,0.06058,0.83012,0.170357,9171.306532
10/27/2019,0.130340426,0.102510638,0.767191489,0.074997872,9578.367556
10/28/2019,0.1006875,0.072645833,0.8266875,0.069504167,9458.22336
10/29/2019,0.119021277,0.072191489,0.808744681,0.225631915,9455.724693
10/30/2019,0.094648649,0.065918919,0.839378378,0.097154054,9225.995479
10/31/2019,0.137980392,0.043745098,0.818254902,0.2444,9131.41063
11/1/2019,0.094485714,0.071942857,0.833628571,0.05028,9197.632345
11/2/2019,0.144388889,0.047888889,0.807722222,0.317966667,9290.896602
11/3/2019,0.14952,0.05232,0.79812,0.264964,9202.415451
11/4/2019,0.112666667,0.068761905,0.818571429,0.097233333,9369.628081
11/5/2019,0.119916667,0.075555556,0.804527778,0.167322222,9326.599624
11/6/2019,0.103292683,0.057243902,0.839439024,0.1102,9335.752402
11/7/2019,0.109763158,0.064815789,0.825421053,0.158697368,9226.485821
11/8/2019,0.141627907,0.076906977,0.781465116,0.169904651,8794.358645
11/9/2019,0.129684211,0.103736842,0.766552632,0.077442105,8798.042055
11/10/2019,0.15732,0.08224,0.76052,0.229588,9081.186878
11/11/2019,0.109243902,0.057560976,0.833170732,0.186965854,8711.534339
11/12/2019,0.152818182,0.044727273,0.802393939,0.365966667,8760.892718
11/13/2019,0.14028125,0.0586875,0.80103125,0.220634375,8749.520591
11/14/2019,0.083,0.056206897,0.860758621,0.162231034,8656.970922
11/15/2019,0.082681818,0.096636364,0.820818182,0.030759091,8500.643558
11/16/2019,0.138235294,0.105,0.756647059,0.101911765,8469.260899
11/17/2019,0.09652,0.0502,0.85328,0.115736,8537.339652
11/18/2019,0.112853659,0.078219512,0.808902439,0.12172439,8205.806366
11/19/2019,0.11978125,0.0801875,0.8,0.133015625,8118.488536
11/20/2019,0.121642857,0.059166667,0.819190476,0.223688095,8074.843174
11/21/2019,0.097863636,0.114409091,0.787704545,-0.014565909,7612.740574
11/22/2019,0.060808511,0.108425532,0.830765957,-0.09067234,7262.110535
11/23/2019,0.142190476,0.111238095,0.74652381,0.160004762,7303.405759
11/24/2019,0.118942857,0.095028571,0.786085714,0.136082857,7041.732936
11/25/2019,0.165840909,0.081954545,0.752204545,0.284434091,7211.861809
11/26/2019,0.114547619,0.075,0.81047619,0.104911905,7141.069449
11/27/2019,0.118,0.065241379,0.816724138,0.152472414,7523.480673
11/28/2019,0.11868,0.05584,0.8254,0.199104,7390.207469
11/29/2019,0.126028571,0.063685714,0.810285714,0.092894286,7729.265939
11/30/2019,0.100954545,0.047818182,0.851181818,0.231745455,7542.235609
12/1/2019,0.1161,0.0662,0.81765,0.14325,7381.963008
12/2/2019,0.132870968,0.051193548,0.815870968,0.22386129,7333.43293
12/3/2019,0.132185185,0.058037037,0.809740741,0.284903704,7315.367765
12/4/2019,0.109538462,0.057923077,0.832538462,0.200820513,7213.733762
12/5/2019,0.108857143,0.07775,0.813464286,0.188932143,7398.78705
12/6/2019,0.13728125,0.078375,0.78428125,0.18240625,7511.880583
12/7/2019,0.098714286,0.056714286,0.844535714,0.160903571,7532.123513
12/8/2019,0.108689655,0.063448276,0.827965517,0.212858621,7550.2392
12/9/2019,0.096972973,0.058432432,0.844567568,0.139108108,7333.096043
12/10/2019,0.072571429,0.066285714,0.861214286,0.034025,7239.762575
12/11/2019,0.141913043,0.043913043,0.814130435,0.34096087,7198.066677
12/12/2019,0.107225806,0.067870968,0.824806452,0.145880645,7190.272369
12/13/2019,0.133793103,0.033172414,0.833068966,0.329686207,7238.874323
12/14/2019,0.083965517,0.099413793,0.81662069,0.054565517,7087.024985
12/15/2019,0.125857143,0.048047619,0.826095238,0.203338095,7112.731476
12/16/2019,0.092071429,0.055178571,0.852785714,0.174689286,6883.496394
12/17/2019,0.131615385,0.074076923,0.794346154,0.216030769,6584.028843
12/18/2019,0.110621622,0.070378378,0.818972973,0.149097297,7424.0154
12/19/2019,0.0940625,0.02721875,0.87878125,0.255140625,7147.568324
12/20/2019,0.1124,0.04852,0.83908,0.274036,7139.933371
12/21/2019,0.107952381,0.075142857,0.816904762,0.142,7286.335081
12/22/2019,0.1644,0.075457143,0.760057143,0.259745714,7236.986205
12/23/2019,0.175433333,0.070533333,0.754,0.287936667,7166.172379
12/24/2019,0.149,0.072590909,0.778431818,0.163086364,7235.626651
12/25/2019,0.100555556,0.100555556,0.798851852,-0.033925926,7212.809395
12/26/2019,0.126342857,0.037371429,0.836257143,0.251411429,7183.706536
12/27/2019,0.107870968,0.064096774,0.828064516,0.139764516,7227.293712
12/28/2019,0.124,0.061030303,0.814969697,0.185769697,7311.560644
12/29/2019,0.14868,0.04432,0.80696,0.336252,7385.464848
12/30/2019,0.125864865,0.052918919,0.821243243,0.195659459,7251.276794
12/31/2019,0.15534375,0.05509375,0.78953125,0.254484375,7179.957819
1/1/2020,0.146652174,0.056043478,0.797369565,0.230652174,7174.744012
1/2/2020,0.129769231,0.084769231,0.785461538,0.165497436,6955.48758
1/3/2020,0.179490909,0.0658,0.754690909,0.257401818,7291.219505
1/4/2020,0.136363636,0.090212121,0.773424242,0.150015152,7337.63667
1/5/2020,0.134028571,0.088114286,0.7778,0.147582857,7347.433264
1/6/2020,0.094125,0.056125,0.849725,0.1655725,7713.860754
1/7/2020,0.129675,0.0817,0.788625,0.1331775,8039.603701
1/8/2020,0.132744681,0.113361702,0.754,0.056425532,8067.606369
1/9/2020,0.1315,0.071464286,0.797035714,0.181567857,7808.701364
1/10/2020,0.085942857,0.0636,0.850514286,0.139962857,8087.452885
1/11/2020,0.138352941,0.076264706,0.785441176,0.172914706,8078.993532
1/12/2020,0.104428571,0.026428571,0.869095238,0.22417619,8149.313717
1/13/2020,0.1345,0.08175,0.783666667,0.246654167,8116.961008
1/14/2020,0.125084746,0.033627119,0.841254237,0.307316949,8735.142439
1/15/2020,0.117369565,0.07526087,0.807369565,0.175943478,8843.675732
1/16/2020,0.117142857,0.039571429,0.843285714,0.222865714,8711.637578
1/17/2020,0.135916667,0.066805556,0.797333333,0.245477778,8925.299028
1/18/2020,0.129114286,0.0442,0.826742857,0.258431429,8939.8643
1/19/2020,0.10762069,0.091189655,0.801189655,0.138612069,8638.18144
1/20/2020,0.12855814,0.084093023,0.787348837,0.12074186,8652.683763
1/21/2020,0.176545455,0.042681818,0.780863636,0.430854545,8708.786013
1/22/2020,0.115782609,0.07326087,0.811086957,0.172734783,8635.074357
1/23/2020,0.13046875,0.086875,0.78259375,0.103390625,8384.088777
1/24/2020,0.127769231,0.072192308,0.800076923,0.153757692,8451.232296
1/25/2020,0.110555556,0.050296296,0.839185185,0.177544444,8347.567505
1/26/2020,0.099263158,0.082421053,0.818368421,0.066410526,8562.30747
1/27/2020,0.121285714,0.086714286,0.792,0.118769048,8881.962391
1/28/2020,0.124023256,0.054,0.821930233,0.204562791,9131.114988
1/29/2020,0.17295122,0.055097561,0.771902439,0.331107317,9320.978406
1/30/2020,0.123930233,0.057906977,0.818139535,0.20654186,9545.077957
1/31/2020,0.123194444,0.048833333,0.828,0.220702778,9388.880752
2/1/2020,0.090708333,0.053916667,0.855416667,0.1664375,9363.193383
2/2/2020,0.111677083,0.0389375,0.849375,0.178292708,9385.260386
2/3/2020,0.127244898,0.053061224,0.819693878,0.186383673,9269.707035
2/4/2020,0.098396226,0.046679245,0.854924528,0.167501887,9177.894637
2/5/2020,0.1266,0.046426667,0.826973333,0.255085333,9625.456637
2/6/2020,0.137931034,0.064172414,0.797862069,0.216837931,9681.377411
2/7/2020,0.132181818,0.05869697,0.809151515,0.291257576,9795.344066
2/8/2020,0.133323529,0.032176471,0.834470588,0.229535294,9927.778256
2/9/2020,0.112346667,0.060453333,0.827213333,0.197457333,10132.7065
2/10/2020,0.147125,0.033645833,0.819208333,0.345670833,9838.900016
2/11/2020,0.109272727,0.033931818,0.856863636,0.200854545,10236.63515
2/12/2020,0.151823529,0.068372549,0.779803922,0.202776471,10364.92629
2/13/2020,0.119052632,0.07645614,0.80445614,0.139294737,10218.09974
2/14/2020,0.16184375,0.06309375,0.77503125,0.252728125,10367.528
2/15/2020,0.121558824,0.065735294,0.812676471,0.153626471,9926.353691
2/16/2020,0.1555,0.058117647,0.786411765,0.219438235,9876.234963
2/17/2020,0.104392857,0.087285714,0.808357143,0.135846429,9636.624095
2/18/2020,0.123847826,0.062391304,0.813782609,0.144063043,10189.99598
2/19/2020,0.114586207,0.062413793,0.822948276,0.24032069,9701.037192
2/20/2020,0.107058824,0.075382353,0.817529412,0.164047059,9631.484946
2/21/2020,0.095658537,0.07202439,0.832292683,0.117865854,9670.858654
2/22/2020,0.133774194,0.064967742,0.801258065,0.184051613,9689.086743
2/23/2020,0.121976744,0.073953488,0.804186047,0.181183721,9919.551448
2/24/2020,0.151543478,0.08726087,0.761152174,0.220256522,9640.469505
2/25/2020,0.133904762,0.077166667,0.788928571,0.177409524,9392.869629
2/26/2020,0.114943396,0.098886792,0.786132075,0.0628,8787.978363
2/27/2020,0.161538462,0.058564103,0.779897436,0.247084615,8784.995352
2/28/2020,0.169842105,0.081921053,0.748131579,0.156542105,8778.470511
2/29/2020,0.197580645,0.040935484,0.761483871,0.418832258,8639.591417
3/1/2020,0.073333333,0.068142857,0.85852381,0.029319048,8548.948322
3/2/2020,0.131703704,0.066740741,0.801518519,0.16472963,8923.044398
3/3/2020,0.087068182,0.094522727,0.818409091,-0.038752273,8791.112058
3/4/2020,0.13085,0.068266667,0.800883333,0.180438333,8756.961062
3/5/2020,0.128673469,0.055693878,0.815653061,0.272265306,9078.578777
3/6/2020,0.136717949,0.067717949,0.795538462,0.157635897,9126.636822
3/7/2020,0.16652,0.08628,0.74712,0.247532,8925.213488
3/8/2020,0.088428571,0.132914286,0.778628571,-0.074668571,8166.313894
3/9/2020,0.128768293,0.094792683,0.77645122,0.075236585,7875.750875
3/10/2020,0.106897436,0.071128205,0.822051282,0.156884615,7959.228274
3/11/2020,0.124625,0.05765,0.817725,0.142855,7955.306284
3/12/2020,0.126327434,0.104079646,0.76960177,0.046730088,5800.208905
3/13/2020,0.124,0.090227273,0.785790909,0.106493636,5672.681201
3/14/2020,0.141425,0.095,0.7635,0.080385,5304.149952
3/15/2020,0.113641509,0.105962264,0.78045283,0.037543396,5355.187374
3/16/2020,0.109,0.115092308,0.775923077,0.036809231,4944.702336
3/17/2020,0.13955,0.068283333,0.79215,0.197773333,5465.582594
3/18/2020,0.114383562,0.099643836,0.785986301,0.037708219,5363.822853
3/19/2020,0.092477612,0.082268657,0.825268657,0.021014925,6301.063404
3/20/2020,0.078607843,0.088294118,0.833039216,0.008986275,6185.279839
3/21/2020,0.122268293,0.055341463,0.822439024,0.185982927,6187.05375
3/22/2020,0.112857143,0.0675,0.819535714,0.116521429,5884.340133
3/23/2020,0.096017857,0.074446429,0.829553571,0.043266071,6455.454688
3/24/2020,0.080803922,0.050666667,0.86854902,0.110470588,6784.318011
3/25/2020,0.134693878,0.087591837,0.777734694,0.089514286,6706.985089
3/26/2020,0.12702439,0.07395122,0.79897561,0.158170732,6721.495392
3/27/2020,0.119433333,0.0639,0.816733333,0.1868,6682.780049
3/28/2020,0.151357143,0.062571429,0.786071429,0.204992857,6229.488343
3/29/2020,0.188416667,0.079791667,0.731791667,0.239658333,5922.489835
3/30/2020,0.135967742,0.068677419,0.795387097,0.163122581,6483.739446
3/31/2020,0.105733333,0.069866667,0.824466667,0.110786667,6446.421347
4/1/2020,0.112872727,0.054963636,0.8322,0.190741818,6537.336462
4/2/2020,0.137076923,0.082211538,0.780673077,0.130859615,6850.558712
4/3/2020,0.119162162,0.092162162,0.78872973,0.106478378,6776.370094
4/4/2020,0.130892857,0.070321429,0.798821429,0.216032143,6855.933264
4/5/2020,0.1338,0.061325,0.80485,0.25184,6805.362287
4/6/2020,0.096647059,0.064705882,0.838607843,0.114205882,7278.24397
4/7/2020,0.131301887,0.076679245,0.791943396,0.179720755,7175.667477
4/8/2020,0.1127,0.080475,0.806825,0.1452025,7367.293398
4/9/2020,0.132095238,0.066214286,0.801642857,0.157533333,7321.816614
4/10/2020,0.125216216,0.097486486,0.777351351,0.0762,6866.398189
4/11/2020,0.09196875,0.0731875,0.83490625,0.042690625,6873.848495
4/12/2020,0.116580645,0.075290323,0.808096774,0.075219355,7043.438864
4/13/2020,0.098837209,0.05827907,0.842860465,0.039695349,6889.863772
4/14/2020,0.126536585,0.041243902,0.832219512,0.296058537,6887.554908
4/15/2020,0.117555556,0.046911111,0.8356,0.216122222,6718.79995
4/16/2020,0.107618182,0.082127273,0.810254545,0.09828,7166.582817
4/17/2020,0.130630435,0.066978261,0.802391304,0.192791304,7065.082389
4/18/2020,0.1228125,0.067041667,0.810166667,0.1473625,7277.140586
4/19/2020,0.1465,0.1004375,0.75303125,0.080646875,7185.870303
4/20/2020,0.115984127,0.111634921,0.772349206,0.006536508,6856.146435
4/21/2020,0.119977273,0.096363636,0.783613636,0.042393182,6904.475773
4/22/2020,0.130911111,0.067666667,0.801422222,0.176464444,7118.388748
4/23/2020,0.094630769,0.050184615,0.855184615,0.109664615,7562.032832
4/24/2020,0.13875,0.063068182,0.798204545,0.190329545,7497.861764
4/25/2020,0.122588235,0.054294118,0.823137255,0.165635294,7542.303401
4/26/2020,0.117076923,0.080871795,0.802076923,0.131566667,7624.853786
4/27/2020,0.1485,0.057661765,0.793779412,0.222108824,7776.507543
4/28/2020,0.111472727,0.056854545,0.831672727,0.180078182,7761.758784
4/29/2020,0.10152,0.05445,0.84401,0.097841,8773.106488
4/30/2020,0.149147368,0.047157895,0.803747368,0.272868421,8767.672623
5/1/2020,0.097328947,0.065763158,0.836921053,0.090143421,8853.774484
5/2/2020,0.119618182,0.066581818,0.8138,0.157256364,8963.057558
5/3/2020,0.11571875,0.073078125,0.81121875,0.031279688,8904.713817
5/4/2020,0.123359375,0.05409375,0.8225,0.140473437,8887.505893
5/5/2020,0.129740741,0.050444444,0.81982716,0.240449383,8978.283587
5/6/2020,0.110535211,0.044070423,0.845394366,0.19338169,9371.684273
5/7/2020,0.09135,0.057485714,0.85115,0.139502857,9900.678867
5/8/2020,0.130744898,0.061734694,0.80755102,0.219519388,9917.248414
5/9/2020,0.11684,0.06532,0.81786,0.147076,9617.518195
5/10/2020,0.101649485,0.085309278,0.813,0.105735052,8786.655182
5/11/2020,0.141485342,0.081765472,0.776749186,0.197985993,8608.125245
5/12/2020,0.148797386,0.048888889,0.802333333,0.301405229,8815.231245
5/13/2020,0.147869231,0.045438462,0.8067,0.273548462,9330.986485
